9070008,43532519,Entire home/apt,,2,3,1.0,0.43625,1.0,0.7676923076923077,1.0,-39.36505872700471,-144.97344255986582,1
9077172,1191923,Entire home/apt,,2,2,1.0,0.43625,0.75,0.6076923076923076,1.3333333333333333,-39.30822886768239,-145.589995210083,1
9992029,51335004,Entire home/apt,,2,2,1.0,0.43625,1.0,0.7461538461538462,1.3333333333333333,-39.30117181430882,-145.51904504571098,1
1369898,7429201,Entire home/apt,,2,17,1.0,0.43625,0.75,0.6092307692307692,1.0,-39.06819637634357,-145.36525793919054,1
6510524,461037,Entire home/apt,,2,1,1.0,0.43625,0.75,0.6923076923076923,1.0,-39.08780566254265,-145.3775725345243,1
3850056,1201408,Entire home/apt,,2,13,1.0,0.43625,0.75,0.43846153846153846,1.6666666666666667,-39.37238835872411,-144.96590764872496,1
2393986,13894229,Entire home/apt,,2,21,1.0,0.43625,0.75,0.43846153846153846,1.6666666666666667,-39.37376487937055,-144.96591993056867,1
8539001,9522619,Entire home/apt,,2,18,1.0,0.3333333333333333,0.5,0.38461538461538464,1.3333333333333333,-39.2783024910936,-145.0422577303992,1
229954,1201408,Entire home/apt,,2,16,1.0,0.43625,0.75,0.7676923076923077,1.6666666666666667,-39.23208683255795,-145.07616176007213,1
23639,93320,Entire home/apt,,2,7,1.0,0.43625,0.75,0.6692307692307692,1.6666666666666667,-39.14271657031031,-145.3911521597643,1
7955724,1731631,Entire home/apt,,1,2,1.0,0.43625,0.75,0.8461538461538461,1.3333333333333333,-39.95224427381049,-145.50727085150228,1
3441926,6152329,Entire home/apt,,4,2,1.0,0.16666666666666666,0.5,0.5769230769230769,1.6666666666666667,-40.10993084687376,-144.93184395508322,1
11166742,58092262,Entire home/apt,,4,1,1.0,0.4166666666666667,0.5,0.3076923076923077,1.6666666666666667,-40.1059266709735,-144.9268964190258,1
2979531,12304286,Entire home/apt,,6,12,1.0,0.4166666666666667,0.5,0.3076923076923077,1.6666666666666667,-39.982236069202294,-144.96153735932376,1
6095416,23906942,Entire home/apt,,4,5,1.0,0.3333333333333333,0.75,0.25846153846153846,1.6666666666666667,-40.09112021522797,-144.63717795982404,1
3425134,17264457,Entire home/apt,,3,2,1.0,0.43625,0.75,0.6153846153846154,1.6666666666666667,-39.79397983465407,-144.73886548515534,1
4033557,15648143,Entire home/apt,,3,2,1.0,0.43625,0.5,0.46153846153846156,1.6666666666666667,-39.963449969607616,-144.65285778034533,1
1978125,9384967,Entire home/apt,,1,43,1.0,0.43625,0.75,0.44461538461538463,1.6666666666666667,-40.01237233111737,-145.30592435203243,1
8781258,46027356,Entire home/apt,,5,3,1.0,0.43625,0.75,0.5384615384615384,1.3333333333333333,-40.04850531664073,-144.89356349508725,1
8764703,14596681,Entire home/apt,,4,2,1.0,0.4166666666666667,0.75,0.45384615384615384,1.0,-40.151120160712296,-144.87543549371168,1
1170424,6407964,Entire home/apt,,4,4,1.0,0.43625,0.75,0.4461538461538462,1.0,-40.08893958846131,-144.62533416850076,1
4758288,9797360,Entire home/apt,,4,14,1.0,0.43625,0.5,0.33076923076923076,1.0,-40.12811999989107,-144.90066854169683,1
2619024,13412580,Entire home/apt,,4,11,1.0,0.4166666666666667,0.5,0.3830769230769231,1.0,-40.13081579973134,-144.90168179380623,1
4416745,12622337,Entire home/apt,,4,20,1.0,0.43625,0.5,0.3861538461538462,1.0,-40.140146156509125,-144.89461768667584,1
8190277,43202501,Entire home/apt,,4,13,1.0,0.43625,0.5,0.5615384615384615,1.0,-40.14445562015672,-144.8975223427228,1
5138295,26567464,Entire home/apt,,4,18,1.0,0.4166666666666667,0.5,0.49846153846153846,1.0,-40.040995783213084,-144.5932007713018,1
1836416,378608,Entire home/apt,,3,16,1.0,0.43625,0.5,0.3769230769230769,1.0,-39.96081958857034,-144.65777870574135,1
2268117,11581691,Entire home/apt,,3,11,1.0,0.3333333333333333,0.5,0.23076923076923078,1.0,-39.8396803201161,-144.73766800538968,1
7619608,34800048,Entire home/apt,,3,8,1.0,0.43625,0.75,0.3230769230769231,1.0,-39.9436008144642,-144.67853706865347,1
9240532,46740539,Entire home/apt,,7,7,1.0,0.43625,0.75,0.2907692307692308,1.0,-39.97856443888395,-144.9865841326787,1
6572436,34375951,Entire home/apt,,3,9,1.0,0.43625,0.75,0.5307692307692308,1.0,-39.77518828349248,-144.80738793841266,1
3986979,14898273,Entire home/apt,,3,2,1.0,0.43625,0.75,0.5769230769230769,1.0,-39.79287861813691,-144.75322091352558,1
4339895,13526139,Entire home/apt,,4,17,1.0,0.43625,1.0,0.7615384615384615,1.0,-40.10787015457928,-144.6675407245489,1
5078489,2059676,Entire home/apt,,3,21,1.0,0.16666666666666666,0.25,0.45384615384615384,1.3333333333333333,-39.753646416821454,-144.7433156065409,1
2314868,11820639,Private room,,3,5,1.0,0.16666666666666666,0.25,0.3153846153846154,1.3333333333333333,-39.76212087759334,-144.74030246087412,1
1019189,5610952,Entire home/apt,,3,15,1.0,0.16666666666666666,0.25,0.19230769230769232,1.3333333333333333,-39.71824939283183,-144.7330582200354,1
9885244,50150452,Entire home/apt,,3,2,1.0,0.16666666666666666,0.0,0.19230769230769232,1.3333333333333333,-39.97050157141426,-144.64918550906398,1
7859792,41423781,Entire home/apt,,3,18,1.0,0.16666666666666666,0.0,0.2153846153846154,1.3333333333333333,-39.7351656049741,-144.75737831763507,1
2254945,10509623,Entire home/apt,,3,20,1.0,0.16666666666666666,0.0,0.19230769230769232,1.3333333333333333,-39.82148844131534,-144.7177345729828,1
6994710,36247801,Entire home/apt,,3,2,1.0,0.16666666666666666,0.25,0.2692307692307692,1.6666666666666667,-39.76333112544883,-144.7402267228377,1
307004,1579356,Entire home/apt,,3,91,1.0,0.16666666666666666,0.25,0.2846153846153846,1.6666666666666667,-39.80182191366363,-144.7121852265816,1
6493496,17264457,Entire home/apt,,3,5,1.0,0.3333333333333333,0.0,0.2076923076923077,1.6666666666666667,-39.793295663006035,-144.73890233068656,1
716971,3696248,Entire home/apt,,3,51,1.0,0.16666666666666666,0.5,0.13384615384615384,1.6666666666666667,-39.875333567750815,-144.71949292361307,1
236478,1239659,Private room,,4,100,1.0,0.08333333333333333,0.25,0.1076923076923077,1.6666666666666667,-40.11093393518642,-144.9254266917237,1
10765418,1927133,Private room,,4,1,1.0,0.16666666666666666,0.25,0.13076923076923078,1.6666666666666667,-40.12372331117282,-144.75311447087972,1
10214497,12548147,Entire home/apt,,4,1,1.0,0.3333333333333333,0.25,0.15076923076923077,1.6666666666666667,-40.120572305495,-144.9079823796502,1
10099373,3032821,Private room,,4,1,1.0,0.16666666666666666,0.25,0.10307692307692308,1.3333333333333333,-40.09981001289305,-144.83988365000226,1
7514022,30067625,Private room,,5,13,1.0,0.08333333333333333,0.25,0.1076923076923077,1.3333333333333333,-40.100813101205716,-144.9087540888325,1
66078,88829,Private room,,5,26,1.0,0.16666666666666666,0.25,0.1,1.3333333333333333,-40.01541975702376,-144.85740984103404,1
2236758,11346500,Entire home/apt,,1,1,1.0,0.3333333333333333,0.25,0.33076923076923076,1.6666666666666667,-39.62372467406454,-145.69743882618533,1
7713277,40520789,Entire home/apt,,1,11,1.0,0.43625,0.5,0.14615384615384616,1.3333333333333333,-39.57318047139709,-145.67904267122117,1
529432,2415582,Entire home/apt,,4,1,1.0,0.16666666666666666,0.0,0.19230769230769232,2.0,-40.121112010619754,-144.90865378710856,1
583302,2874260,Shared room,,2,13,1.0,0.3333333333333333,0.25,0.09538461538461539,1.6666666666666667,-39.0600081228348,-145.35165375026304,1
10057872,34884725,Shared room,,4,1,1.0,0.08333333333333333,0.25,0.10461538461538461,0.3333333333333333,-40.09301463473149,-144.63554856855313,1
9958241,34884725,Shared room,,4,3,1.0,0.16666666666666666,0.25,0.10461538461538461,0.3333333333333333,-40.147928268282605,-144.87547233924295,1
8160722,43073326,Private room,,4,2,1.0,0.16666666666666666,0.25,0.18307692307692308,0.3333333333333333,-40.10256577996941,-144.93118892341656,1
10255334,52640172,Private room,,4,1,1.0,0.16666666666666666,0.25,0.19692307692307692,0.3333333333333333,-40.142904649368944,-144.87645693371695,1
6664267,34884725,Private room,,4,1,1.0,0.16666666666666666,0.25,0.19692307692307692,0.3333333333333333,-40.14817904036077,-144.8802950098889,1
1949136,10065007,Private room,,4,1,1.0,0.16666666666666666,0.25,0.15384615384615385,0.3333333333333333,-40.18170072533107,-144.88995058605067,1
10454392,53179620,Private room,,4,8,1.0,0.16666666666666666,0.25,0.1076923076923077,0.3333333333333333,-40.104901776393184,-144.92295394718195,1
9628335,49799651,Private room,,4,11,1.0,0.16666666666666666,0.25,0.1076923076923077,0.3333333333333333,-40.10614473365017,-144.91825204799952,1
5851455,30383311,Private room,,4,105,1.0,0.16666666666666666,0.25,0.11538461538461539,0.3333333333333333,-40.13586122491267,-144.90107384254063,1
6941077,34149865,Private room,,4,32,1.0,0.16666666666666666,0.25,0.10615384615384615,0.3333333333333333,-40.15572400897338,-144.83424833069478,1
6809674,17879548,Private room,,4,3,1.0,0.16666666666666666,0.25,0.09230769230769231,0.3333333333333333,-40.113716960097356,-144.63545031380315,1
9776164,5002956,Private room,,4,1,1.0,0.08333333333333333,0.25,0.10615384615384615,0.3333333333333333,-40.07718055862216,-144.65945313043935,1
288161,1205120,Private room,,4,36,1.0,0.16666666666666666,0.25,0.14615384615384616,0.3333333333333333,-40.09753943527228,-144.6702693408355,1
9332900,40522423,Private room,,4,15,1.0,0.16666666666666666,0.25,0.2,0.3333333333333333,-40.100177993659926,-144.67122118372612,1
9751540,16875991,Private room,,5,1,1.0,0.16666666666666666,0.25,0.15384615384615385,0.3333333333333333,-40.098376250793976,-144.90905499400438,1
7940002,41576315,Private room,,5,14,1.0,0.16666666666666666,0.25,0.19692307692307692,0.3333333333333333,-40.07595668184938,-144.96096625358936,1
6376746,33235593,Private room,,5,26,1.0,0.16666666666666666,0.25,0.11538461538461539,0.3333333333333333,-40.106714422392955,-144.90852892169713,1
5736521,28716554,Private room,,5,22,1.0,0.16666666666666666,0.25,0.10615384615384615,0.3333333333333333,-40.11917943014781,-144.90260497906152,1
9684158,50009366,Private room,,5,1,1.0,0.16666666666666666,0.25,0.06923076923076923,0.3333333333333333,-40.10491267952702,-144.9011475336031,1
4448667,1596819,Private room,,6,11,1.0,0.16666666666666666,0.25,0.11538461538461539,0.3333333333333333,-40.04778570980774,-144.95134752295888,1
5681751,5454711,Private room,,3,8,1.0,0.16666666666666666,0.25,0.12307692307692308,0.3333333333333333,-39.90825285457682,-144.78387025460466,1
3898928,20187886,Private room,,3,45,1.0,0.16666666666666666,0.25,0.16153846153846155,0.3333333333333333,-39.77233983977854,-144.75227930550471,1
6007144,31184930,Private room,,3,20,1.0,0.16666666666666666,0.25,0.12307692307692308,0.3333333333333333,-39.76626679423343,-144.85784175253926,1
10591734,7739112,Private room,,7,36,1.0,0.16666666666666666,0.25,0.08,0.3333333333333333,-39.940403470467594,-145.0766202822388,1
10225446,41213498,Entire home/apt,,5,10,1.0,0.16666666666666666,0.0,0.13692307692307693,0.6666666666666666,-40.03248316147278,-144.87129855934177,1
9478626,34010242,Entire home/apt,,5,4,1.0,0.16666666666666666,0.0,0.1676923076923077,0.6666666666666666,-40.09966554636977,-144.92050167237977,1
8388203,43956001,Entire home/apt,,4,11,1.0,0.3333333333333333,0.0,0.19846153846153847,0.6666666666666666,-40.11015436111734,-144.92714614984877,1
10761636,55652228,Entire home/apt,,4,2,1.0,0.3333333333333333,0.0,0.19230769230769232,0.6666666666666666,-40.132424011971736,-144.90530903166055,1
10577090,34024330,Entire home/apt,,4,1,1.0,0.16666666666666666,0.0,0.15846153846153846,0.6666666666666666,-40.126969719271656,-144.90172273328542,1
10773485,43793840,Entire home/apt,,4,4,1.0,0.16666666666666666,0.0,0.13692307692307693,0.6666666666666666,-40.14205147914649,-144.89807502569158,1
6977951,11212857,Entire home/apt,,4,22,1.0,0.16666666666666666,0.0,0.18461538461538463,0.6666666666666666,-40.085982113409045,-144.82818519383002,1
10248444,52676905,Entire home/apt,,4,6,1.0,0.25,0.0,0.24615384615384617,0.6666666666666666,-40.143188130848614,-144.89729512861342,1
6256937,31870579,Entire home/apt,,4,2,1.0,0.16666666666666666,0.0,0.26,0.6666666666666666,-40.10833898933411,-144.91528393575982,1
9526671,19991070,Entire home/apt,,4,13,1.0,0.3333333333333333,0.25,0.19076923076923077,0.6666666666666666,-40.121774376000126,-144.90749929379604,1
10945756,40240788,Entire home/apt,,4,1,1.0,0.3333333333333333,0.25,0.23076923076923078,0.6666666666666666,-40.1180427784457,-144.90575527198345,1
9861629,49868334,Entire home/apt,,4,6,1.0,0.4166666666666667,0.25,0.2076923076923077,0.6666666666666666,-40.119672796953765,-144.91112448467635,1
6705852,34946956,Entire home/apt,,4,1,1.0,0.16666666666666666,0.25,0.19230769230769232,0.6666666666666666,-40.12702150915737,-144.90446158444175,1
2756823,14098943,Entire home/apt,,5,34,1.0,0.25,0.25,0.16923076923076924,0.6666666666666666,-40.09217236764287,-144.93246418819263,1
8653035,19536403,Entire home/apt,,5,20,1.0,0.25,0.25,0.17692307692307693,0.6666666666666666,-40.12877418792107,-144.89474050511333,1
7988787,2854578,Entire home/apt,,4,3,1.0,0.16666666666666666,0.0,0.2230769230769231,0.3333333333333333,-40.125328797629756,-144.91156253710344,1
7959998,740644,Entire home/apt,,4,27,1.0,0.16666666666666666,0.0,0.2,0.3333333333333333,-40.106002992910334,-144.9230051215309,1
2936997,740644,Entire home/apt,,4,74,1.0,0.16666666666666666,0.0,0.19230769230769232,0.3333333333333333,-40.107352255722205,-144.92265918293194,1
9111222,740644,Entire home/apt,,4,11,1.0,0.16666666666666666,0.0,0.2076923076923077,0.3333333333333333,-40.107063322675614,-144.9189459721714,1
6562300,26932991,Entire home/apt,,4,52,1.0,0.16666666666666666,0.0,0.18307692307692308,0.3333333333333333,-40.121490894520456,-144.90765281684293,1
5621198,25809048,Entire home/apt,,4,37,1.0,0.16666666666666666,0.0,0.1523076923076923,0.3333333333333333,-40.10213783196645,-144.92201643310898,1
8509933,40922297,Entire home/apt,,4,8,1.0,0.16666666666666666,0.0,0.1476923076923077,0.3333333333333333,-40.10329628993623,-144.92351686502047,1
10475434,22555593,Entire home/apt,,4,5,1.0,0.16666666666666666,0.0,0.1523076923076923,0.3333333333333333,-40.119874504929676,-144.90451889971263,1
5387120,27927193,Entire home/apt,,4,24,1.0,0.16666666666666666,0.0,0.13384615384615384,0.3333333333333333,-40.101513627554496,-144.9203379144631,1
8559683,42732356,Entire home/apt,,4,5,1.0,0.16666666666666666,0.0,0.12153846153846154,0.3333333333333333,-40.1093529807806,-144.92381367624446,1
6095863,25809048,Entire home/apt,,4,35,1.0,0.3333333333333333,0.0,0.1476923076923077,0.3333333333333333,-40.10587488108779,-144.91935127301514,1
5533220,12270636,Entire home/apt,,4,41,1.0,0.3333333333333333,0.0,0.16615384615384615,0.3333333333333333,-40.097294114761034,-144.8401702263564,1
4816082,11763720,Entire home/apt,,4,51,1.0,0.25,0.0,0.16923076923076924,0.3333333333333333,-40.137044214933574,-144.9058023523845,1
6292815,77633,Entire home/apt,,4,1,1.0,0.3333333333333333,0.0,0.2153846153846154,0.3333333333333333,-40.123202686532274,-144.90777154133252,1
6887625,3152360,Entire home/apt,,4,3,1.0,0.3333333333333333,0.0,0.2923076923076923,0.3333333333333333,-40.12514071857113,-144.9083999623377,1
9737745,9337324,Entire home/apt,,4,1,1.0,0.3333333333333333,0.0,0.25384615384615383,0.3333333333333333,-40.13582851551117,-144.89466681405082,1
6889330,5256548,Entire home/apt,,5,3,1.0,0.3333333333333333,0.0,0.1676923076923077,0.3333333333333333,-40.11688159469245,-144.90519235414493,1
4006905,20316135,Entire home/apt,,4,21,1.0,0.43625,0.25,0.29846153846153844,0.3333333333333333,-40.13822175338757,-144.89926636453538,1
4681923,2384634,Entire home/apt,,4,15,1.0,0.3333333333333333,0.25,0.2076923076923077,0.3333333333333333,-40.12185069793696,-144.91146018840553,1
9903840,45388803,Entire home/apt,,4,1,1.0,0.3333333333333333,0.25,0.2076923076923077,0.3333333333333333,-40.13618831892767,-144.89708633726966,1
2755253,14093442,Entire home/apt,,4,91,1.0,0.3333333333333333,0.25,0.2230769230769231,0.3333333333333333,-40.11352615525527,-144.9184321817078,1
5572724,28893650,Entire home/apt,,4,23,1.0,0.3333333333333333,0.25,0.22923076923076924,0.3333333333333333,-40.13130371497037,-144.899776061051,1
4250457,22056400,Entire home/apt,,4,18,1.0,0.3333333333333333,0.25,0.19076923076923077,0.3333333333333333,-40.10900135471448,-144.9321898936822,1
7828257,21302839,Entire home/apt,,4,18,1.0,0.3333333333333333,0.25,0.27692307692307694,0.3333333333333333,-40.13430207677452,-144.8970801963478,1
660316,3332623,Entire home/apt,,4,62,1.0,0.3333333333333333,0.25,0.24615384615384617,0.3333333333333333,-40.12674620502808,-144.9024862545719,1
7535152,3332623,Entire home/apt,,4,27,1.0,0.3333333333333333,0.25,0.25384615384615383,0.3333333333333333,-40.12765934248661,-144.90236548310835,1
9514747,45388803,Entire home/apt,,4,1,1.0,0.25,0.25,0.2230769230769231,0.3333333333333333,-40.11923667160043,-144.9086189885513,1
3458161,17427979,Entire home/apt,,4,42,1.0,0.16666666666666666,0.25,0.2230769230769231,0.3333333333333333,-40.113583396707895,-144.91065982158779,1
4932853,21088887,Entire home/apt,,4,18,1.0,0.16666666666666666,0.25,0.30615384615384617,0.3333333333333333,-40.109273933060315,-144.93347539332808,1
562172,770461,Entire home/apt,,5,1,1.0,0.16666666666666666,0.25,0.23076923076923078,0.3333333333333333,-40.05350985507019,-144.90300618595734,1
9708475,50121521,Entire home/apt,,3,2,1.0,0.25,0.25,0.2,0.3333333333333333,-39.76955681486761,-144.7937141523706,1
6992513,20326256,Entire home/apt,,3,19,1.0,0.3333333333333333,0.25,0.2153846153846154,0.3333333333333333,-39.71929609367982,-144.7489038454473,1
8018220,36232034,Entire home/apt,,3,31,1.0,0.25,0.25,0.2692307692307692,0.3333333333333333,-39.81603414861526,-144.68596758412244,1
8906992,23871479,Entire home/apt,,3,7,1.0,0.16666666666666666,0.25,0.2230769230769231,0.3333333333333333,-39.8096176543544,-144.69875503044054,1
7596788,34221602,Entire home/apt,,3,12,1.0,0.16666666666666666,0.25,0.1523076923076923,0.6666666666666666,-39.797798657279166,-144.73736914719177,1
4503299,23354551,Entire home/apt,,3,55,1.0,0.25,0.25,0.2076923076923077,0.6666666666666666,-39.74075346106364,-144.74686505938476,1
4863016,10212153,Entire home/apt,,3,7,1.0,0.16666666666666666,0.25,0.3,0.6666666666666666,-39.79704088947775,-144.75275625043705,1
971203,5308214,Entire home/apt,,3,69,1.0,0.16666666666666666,0.25,0.30615384615384617,0.6666666666666666,-39.79100600490106,-144.7348820738323,1
1774526,378608,Entire home/apt,,3,33,1.0,0.16666666666666666,0.0,0.19230769230769232,0.6666666666666666,-39.95971837205318,-144.6531873431527,1
1066891,5870031,Entire home/apt,,3,64,1.0,0.16666666666666666,0.0,0.22,0.6666666666666666,-39.809492268315324,-144.71328240462333,1
994861,971399,Entire home/apt,,5,26,1.0,0.4166666666666667,0.5,0.26,0.3333333333333333,-40.106973371821496,-144.89501889357166,1
7051883,36760663,Entire home/apt,,6,10,1.0,0.43625,0.5,0.3,0.3333333333333333,-40.04528071480956,-144.90827509692627,1
8091416,42732356,Entire home/apt,,4,15,1.0,0.43625,0.5,0.38461538461538464,0.3333333333333333,-40.11074585612779,-144.93421844487497,1
7097781,2384634,Entire home/apt,,4,20,1.0,0.43625,0.5,0.2953846153846154,0.3333333333333333,-40.105545061289334,-144.9197709026766,1
6679237,34961508,Entire home/apt,,4,5,1.0,0.43625,0.5,0.5,0.3333333333333333,-40.10477366457064,-144.835419199799,1
9350345,2576932,Entire home/apt,,4,2,1.0,0.43625,0.5,0.5307692307692308,0.3333333333333333,-40.12251851488424,-144.90883801476483,1
6975247,36575845,Entire home/apt,,4,10,1.0,0.3333333333333333,0.5,0.44461538461538463,0.3333333333333333,-40.10408131557223,-144.92962503531234,1
626156,3103484,Entire home/apt,,3,12,1.0,0.4166666666666667,0.5,0.4369230769230769,0.3333333333333333,-39.80852188940416,-144.71096318312843,1
418051,2078447,Entire home/apt,,9,65,1.0,0.3333333333333333,0.5,0.38461538461538464,0.3333333333333333,-40.039289442768194,-145.27453810032833,1
6753821,34024330,Entire home/apt,,4,3,1.0,0.43625,0.5,0.30615384615384617,0.6666666666666666,-40.13274565441982,-144.89529932900396,1
8525105,44890087,Entire home/apt,,4,5,1.0,0.43625,0.5,0.3230769230769231,0.6666666666666666,-40.13415215868431,-144.90348313088967,1
7664563,3028649,Entire home/apt,,9,14,1.0,0.43625,0.5,0.2692307692307692,0.6666666666666666,-40.03426854963797,-145.26223578683835,1
9190278,35495094,Private room,,1,2,1.0,0.08333333333333333,0.25,0.11076923076923077,0.3333333333333333,-40.04093309019355,-145.30965803253255,1
6958536,15740862,Private room,,1,34,1.0,0.16666666666666666,0.25,0.1076923076923077,0.3333333333333333,-40.02066143861409,-145.3316834723249,1
9906000,50937700,Private room,,1,10,1.0,0.16666666666666666,0.25,0.11692307692307692,0.3333333333333333,-40.0145475063171,-145.3107224589909,1
6716702,35157025,Private room,,1,47,1.0,0.16666666666666666,0.25,0.11538461538461539,0.3333333333333333,-39.94562334579026,-145.41013170230656,1
1539326,8205969,Private room,,1,10,1.0,0.3333333333333333,0.25,0.1,0.3333333333333333,-39.97222971812683,-145.37996544708162,1
9735286,50014565,Private room,,1,8,1.0,0.16666666666666666,0.25,0.12153846153846154,0.3333333333333333,-39.595003093764326,-145.70656423609185,1
9700299,49976686,Private room,,1,14,1.0,0.16666666666666666,0.25,0.09230769230769231,0.3333333333333333,-39.74227444823338,-145.62441917114137,1
711800,3416690,Private room,,1,2,1.0,0.08333333333333333,0.25,0.08461538461538462,0.3333333333333333,-39.68839661239642,-145.5835595239578,1
11227720,55540009,Private room,,8,1,1.0,0.16666666666666666,0.25,0.11538461538461539,0.3333333333333333,-39.745692580690104,-145.25277467320268,1
5793842,30058352,Private room,,9,37,1.0,0.16666666666666666,0.25,0.09076923076923077,0.3333333333333333,-39.70494484377181,-145.2947826727769,1
7676844,40311616,Private room,,9,8,1.0,0.16666666666666666,0.25,0.08,0.3333333333333333,-39.911243039030595,-145.3173874061995,1
8650938,45468059,Private room,,9,2,1.0,0.16666666666666666,0.25,0.09076923076923077,0.6666666666666666,-39.700060239814526,-145.29369777657897,1
517649,2548403,Private room,,1,30,1.0,0.16666666666666666,0.25,0.1,0.6666666666666666,-39.7796721972814,-145.60587358707826,1
8573466,21342307,Private room,,1,7,1.0,0.16666666666666666,0.25,0.07538461538461538,0.6666666666666666,-39.99620025785921,-145.38366637599842,1
8509216,3314241,Private room,,5,2,1.0,0.16666666666666666,0.25,0.1,0.6666666666666666,-40.10483635759018,-144.85739960616428,1
8991954,3314241,Private room,,5,2,1.0,0.16666666666666666,0.25,0.1,0.6666666666666666,-40.098962294237516,-144.8785346122847,1
9930062,39491655,Private room,,5,19,1.0,0.16666666666666666,0.25,0.09230769230769231,0.6666666666666666,-40.10129556487784,-144.87176117545636,1
5329256,27135772,Private room,,5,22,1.0,0.16666666666666666,0.25,0.12,0.6666666666666666,-40.102015171710825,-144.858541817633,1
10600419,54691250,Private room,,5,4,1.0,0.16666666666666666,0.25,0.11538461538461539,0.6666666666666666,-40.1035007236956,-144.89870344669677,1
9684817,40154535,Private room,,5,3,1.0,0.16666666666666666,0.25,0.1,0.6666666666666666,-40.01944573919169,-144.863415662628,1
10155297,6503685,Private room,,5,2,1.0,0.16666666666666666,0.25,0.07384615384615385,0.6666666666666666,-40.07536246105546,-144.84053663469498,1
8799318,29653793,Private room,,5,28,1.0,0.16666666666666666,0.25,0.1523076923076923,0.6666666666666666,-40.13057320500355,-144.87322271486264,1
9132775,13324117,Private room,,5,6,1.0,0.08333333333333333,0.25,0.07692307692307693,0.6666666666666666,-40.11772386178107,-144.8897295128632,1
11076145,9992408,Private room,,6,1,1.0,0.25,0.25,0.1076923076923077,0.6666666666666666,-40.05074045907655,-144.9491941063546,1
11057790,21188279,Private room,,6,2,1.0,0.16666666666666666,0.25,0.13846153846153847,0.6666666666666666,-40.00581682190013,-144.9416878528492,1
11061624,21188279,Private room,,6,4,1.0,0.16666666666666666,0.25,0.13076923076923078,0.6666666666666666,-40.00978556261543,-144.94302043289608,1
8360054,44064655,Shared room,,5,7,1.0,0.08333333333333333,0.25,0.07384615384615385,0.6666666666666666,-40.08013530789097,-144.93265250979678,1
1006799,88829,Shared room,,5,34,1.0,0.08333333333333333,0.25,0.07384615384615385,0.6666666666666666,-40.02022531326076,-144.85534444431005,1
8798680,29653793,Private room,,4,29,1.0,0.16666666666666666,0.25,0.15076923076923077,0.6666666666666666,-40.13052686668476,-144.87464126781583,1
6390678,22424364,Private room,,4,19,1.0,0.16666666666666666,0.25,0.1,0.6666666666666666,-40.09271479855107,-144.6761932834711,1
2352359,11937380,Private room,,4,46,1.0,0.16666666666666666,0.25,0.24615384615384617,0.6666666666666666,-40.14513161445438,-144.65872031376222,1
5524662,28650556,Private room,,3,51,1.0,0.16666666666666666,0.25,0.12307692307692308,0.6666666666666666,-39.83534087285048,-144.70437397395634,1
8134118,42954527,Private room,,2,18,1.0,0.16666666666666666,0.25,0.14307692307692307,0.6666666666666666,-39.65029015964923,-144.90444111470217,1
3157030,16019415,Shared room,,5,3,1.0,0.16666666666666666,0.25,0.06153846153846154,0.3333333333333333,-40.09152363117979,-144.9097796227857,1
3934249,20384814,Private room,,4,35,1.0,0.16666666666666666,0.25,0.1523076923076923,1.0,-40.14319630819899,-144.89868092998324,1
4403646,22857543,Private room,,4,22,1.0,0.16666666666666666,0.25,0.1,1.0,-40.11804005266223,-144.8403339842731,1
9653851,21751006,Private room,,4,16,1.0,0.25,0.25,0.10615384615384615,1.0,-40.14463824764843,-144.8700847037844,1
385185,1928202,Private room,,4,112,1.0,0.16666666666666666,0.25,0.11538461538461539,1.0,-40.14491627756117,-144.65458337939228,1
2256385,11519600,Private room,,5,25,1.0,0.16666666666666666,0.25,0.1,1.0,-40.07153546108,-144.86193979440398,1
10061579,48708164,Private room,,5,6,1.0,0.16666666666666666,0.25,0.11538461538461539,1.0,-40.12170077984674,-144.87228520078975,1
2906302,14846914,Private room,,5,29,1.0,0.08333333333333333,0.25,0.08615384615384615,1.0,-40.11160992948408,-144.87731666277946,1
563050,2602532,Private room,,3,59,1.0,0.16666666666666666,0.25,0.18307692307692308,1.0,-39.88547075643226,-144.71871507350886,1
2432430,12433522,Entire home/apt,,4,26,1.0,0.25,0.0,0.24461538461538462,1.0,-40.10990904060609,-144.91823771918177,1
804274,4231961,Entire home/apt,,4,29,1.0,0.16666666666666666,0.0,0.21846153846153846,1.0,-40.14383141574476,-144.89698398857178,1
6927549,28577918,Entire home/apt,,4,23,1.0,0.16666666666666666,0.0,0.18461538461538463,1.0,-40.06517893405522,-144.65332039645995,1
10578580,308899,Entire home/apt,,4,4,1.0,0.16666666666666666,0.0,0.15846153846153846,1.0,-40.08024706501276,-144.82502875998617,1
11187045,27138715,Entire home/apt,,4,1,1.0,0.16666666666666666,0.0,0.11538461538461539,1.0,-40.13299642649798,-144.90249648944172,1
2055108,10525494,Entire home/apt,,5,43,1.0,0.16666666666666666,0.0,0.18307692307692308,1.0,-40.08516437837155,-144.8678187036125,1
4855269,24975305,Entire home/apt,,4,29,1.0,0.16666666666666666,0.0,0.36923076923076925,1.0,-40.11534970438888,-144.76760499953124,1
1038689,5256548,Entire home/apt,,4,50,1.0,0.3333333333333333,0.25,0.22923076923076924,1.0,-40.12133007329642,-144.90889123608773,1
8478283,34024330,Entire home/apt,,4,4,1.0,0.3333333333333333,0.25,0.24923076923076923,1.0,-40.10852706839273,-144.93465240335416,1
8519666,44859641,Entire home/apt,,4,9,1.0,0.3333333333333333,0.25,0.2692307692307692,1.0,-40.14499532528147,-144.90036354257705,1
5363824,1671879,Entire home/apt,,4,17,1.0,0.3333333333333333,0.25,0.19846153846153847,1.0,-40.13046144788176,-144.9008138768479,1
2621036,706371,Entire home/apt,,4,2,1.0,0.3333333333333333,0.25,0.32153846153846155,1.0,-40.0943802522441,-144.9366973303386,1
960676,2576932,Entire home/apt,,5,18,1.0,0.3333333333333333,0.25,0.24461538461538462,1.0,-40.117121463636785,-144.90510638123865,1
789456,4049989,Entire home/apt,,4,1,1.0,0.08333333333333333,0.25,0.25384615384615383,1.0,-40.11294828916211,-144.93134449343742,1
8942761,33048709,Entire home/apt,,4,4,1.0,0.16666666666666666,0.25,0.17692307692307693,1.0,-40.10596755772538,-144.93528696528128,1
8542978,44975129,Entire home/apt,,4,1,1.0,0.25,0.5,0.15384615384615385,1.0,-40.14153085450596,-144.86021828930495,1
8310892,12592008,Entire home/apt,,4,2,1.0,0.3333333333333333,0.5,0.2230769230769231,1.0,-40.088405334903484,-144.66437610280926,1
5773874,21968843,Entire home/apt,,4,14,1.0,0.3333333333333333,0.5,0.23076923076923078,1.0,-40.08454835130997,-144.8241403732882,1
2326602,5424310,Entire home/apt,,8,54,1.0,0.25,0.25,0.16615384615384615,1.0,-39.82196545342055,-145.14403736955865,1
10709628,12457533,Entire home/apt,,6,2,1.0,0.16666666666666666,0.25,0.19230769230769232,1.0,-39.98793568241362,-144.90129286875418,1
4902958,25240699,Private room,,6,19,1.0,0.16666666666666666,0.25,0.15384615384615385,1.0,-39.95357718192161,-144.91187367714514,1
4583439,968664,Entire home/apt,,3,14,1.0,0.3333333333333333,0.25,0.2,1.0,-39.73858101164737,-144.7568952317809,1
8968027,5448114,Entire home/apt,,4,7,1.0,0.16666666666666666,0.0,0.13846153846153847,1.3333333333333333,-40.10318998438135,-144.92271854517668,1
9073908,47324761,Entire home/apt,,4,9,1.0,0.4166666666666667,0.25,0.5384615384615384,0.3333333333333333,-40.172855558008855,-144.89474255208728,1
2467081,706371,Entire home/apt,,4,2,1.0,0.3333333333333333,0.0,0.6138461538461538,0.3333333333333333,-40.123336249921735,-144.91810261890052,1
1629131,8658747,Private room,,2,23,1.0,0.16666666666666666,0.25,0.23076923076923078,1.0,-39.06747676951057,-145.35733000904966,1
8486945,10306818,Private room,,2,15,1.0,0.16666666666666666,0.25,0.11538461538461539,1.0,-39.31414926935384,-145.4787176117566,1
6644077,10306818,Private room,,2,18,1.0,0.08333333333333333,0.25,0.09230769230769231,1.0,-39.31460447519137,-145.48307766628798,1
6006340,31181046,Private room,,2,33,1.0,0.16666666666666666,0.25,0.12307692307692308,1.0,-39.09712239040316,-145.3759472372013,1
2936504,10393961,Private room,,2,114,1.0,0.16666666666666666,0.25,0.14461538461538462,1.0,-39.1723621912029,-145.41351535025976,1
552695,2715729,Entire home/apt,,2,145,1.0,0.16666666666666666,0.25,0.2076923076923077,1.0,-39.2691029719218,-145.48452692385052,1
4068204,7181802,Entire home/apt,,2,44,1.0,0.25,0.5,0.2,1.0,-39.311911401134566,-145.04396695365446,1
6587827,6551239,Entire home/apt,,2,20,1.0,0.3333333333333333,0.25,0.18615384615384614,1.0,-39.239852589630665,-145.05889144078515,1
1212691,6619904,Entire home/apt,,2,18,1.0,0.3333333333333333,0.25,0.3384615384615385,1.0,-39.07209697247241,-145.36693236388854,1
1578534,8390288,Entire home/apt,,2,15,1.0,0.3333333333333333,0.0,0.2,1.0,-39.112394955120074,-145.3683979972427,1
6942861,36406422,Entire home/apt,,2,9,1.0,0.4166666666666667,0.0,0.1523076923076923,1.0,-39.12503441301625,-145.36800293126873,1
8156344,5355764,Entire home/apt,,2,17,1.0,0.16666666666666666,0.0,0.2076923076923077,1.0,-39.0230601280574,-145.3285352263769,1
9653925,10924104,Entire home/apt,,2,3,1.0,0.08333333333333333,0.0,0.14615384615384616,1.0,-39.06300103307203,-145.3563638373413,1
196758,958466,Entire home/apt,,2,79,1.0,0.3333333333333333,0.0,0.2076923076923077,1.3333333333333333,-39.11018979630229,-145.3766800538784,1
4128952,13619776,Entire home/apt,,2,2,1.0,0.43625,0.0,0.22923076923076924,1.3333333333333333,-39.5969329484528,-144.94481358208364,1
7663946,8279,Entire home/apt,,2,14,1.0,0.16666666666666666,0.0,0.13076923076923078,0.3333333333333333,-39.345482150207125,-145.48609899985055,1
5906612,3970342,Entire home/apt,,2,13,1.0,0.25,0.0,0.19230769230769232,0.3333333333333333,-39.169252072276976,-145.40726389179082,1
3799854,9976338,Entire home/apt,,2,67,1.0,0.16666666666666666,0.0,0.23076923076923078,0.3333333333333333,-39.24280461311602,-145.05726204951424,1
8637528,9476342,Entire home/apt,,2,36,1.0,0.16666666666666666,0.25,0.1523076923076923,0.3333333333333333,-39.35675871637415,-145.48061925056393,1
6556785,21880984,Entire home/apt,,2,27,1.0,0.25,0.25,0.2153846153846154,0.3333333333333333,-39.12662899633937,-145.3675137044927,1
7901306,3834620,Private room,,2,28,1.0,0.4166666666666667,0.25,0.13076923076923078,0.3333333333333333,-39.26885765141055,-145.46488825569367,1
1903018,9727322,Private room,,2,75,1.0,0.16666666666666666,0.25,0.16923076923076924,0.3333333333333333,-39.03511626829351,-145.33097931328325,1
9737230,49108425,Entire home/apt,,2,13,1.0,0.16666666666666666,0.25,0.19846153846153847,0.6666666666666666,-39.29934553939175,-145.5474693260973,1
6975517,36577621,Entire home/apt,,2,24,1.0,0.16666666666666666,0.25,0.2123076923076923,0.6666666666666666,-38.973502659001866,-145.25042679407238,1
4257954,8417259,Entire home/apt,,2,4,1.0,0.16666666666666666,0.25,0.23076923076923078,0.6666666666666666,-39.102958292787406,-145.3834719134724,1
8134392,42956431,Entire home/apt,,2,14,1.0,0.16666666666666666,0.0,0.23846153846153847,0.6666666666666666,-39.03913679889451,-145.33308974343433,1
9153855,47655441,Private room,,2,4,1.0,0.16666666666666666,0.25,0.1,0.6666666666666666,-39.14453194209356,-145.35848245538824,1
9448743,7205929,Private room,,2,14,1.0,0.16666666666666666,0.25,0.14615384615384616,0.6666666666666666,-39.2732025502431,-145.46632523141244,1
5629351,29174151,Private room,,2,44,1.0,0.16666666666666666,0.25,0.21384615384615385,0.6666666666666666,-39.23879225986539,-145.05992925658205,1
1764600,9252950,Entire home/apt,,1,19,1.0,0.25,0.0,0.2692307692307692,0.3333333333333333,-39.576838472798144,-145.68614157690888,1
5762387,29895908,Entire home/apt,,1,6,1.0,0.3333333333333333,0.25,0.19846153846153847,0.6666666666666666,-39.578383992019006,-145.6857833564662,1
4294289,13508451,Entire home/apt,,2,13,1.0,0.43625,0.75,0.46153846153846156,1.0,-39.046935265368745,-145.33993687132516,1
8618748,45321760,Entire home/apt,,2,2,1.0,0.3333333333333333,0.75,0.3076923076923077,1.0,-39.039079557441895,-145.33668422970527,1
4791503,24695894,Entire home/apt,,2,2,1.0,0.43625,0.75,0.3076923076923077,1.0,-39.31815617103755,-145.58908635364548,1
6106766,31686373,Entire home/apt,,2,6,1.0,0.3333333333333333,0.5,0.38461538461538464,1.0,-39.30821251298164,-145.57854648473366,1
6623872,34669701,Entire home/apt,,2,24,1.0,0.3333333333333333,0.5,0.26153846153846155,1.0,-39.30177693823657,-145.5217695680496,1
10699933,55283202,Entire home/apt,,2,1,1.0,0.4166666666666667,0.5,0.38461538461538464,0.6666666666666666,-39.28750473604885,-145.49422753343936,1
673327,1866267,Entire home/apt,,2,3,1.0,0.3333333333333333,0.25,0.5523076923076923,0.6666666666666666,-39.144324782550726,-145.09858840676037,1
7251335,4394268,Entire home/apt,,2,21,1.0,0.43625,0.5,0.3,0.3333333333333333,-39.11943565379289,-145.0946234182029,1
2626933,13453986,Entire home/apt,,2,1,1.0,0.43625,0.75,0.4230769230769231,0.3333333333333333,-39.103885059163225,-145.3797587027118,1
9491383,49194163,Entire home/apt,,1,7,1.0,0.43625,0.75,0.36153846153846153,0.3333333333333333,-39.770292776401355,-145.62162300471422,1
8349352,43776892,Entire home/apt,,1,2,1.0,0.43625,0.5,0.17692307692307693,0.3333333333333333,-39.5784630397393,-145.6812370273046,1
6627812,1209417,Entire home/apt,,1,3,1.0,0.3333333333333333,0.5,0.2230769230769231,0.3333333333333333,-39.97746867393371,-145.41008052795755,1
10017539,51441541,Private room,,9,1,1.0,0.08333333333333333,0.25,0.06923076923076923,1.0,-39.68546912096219,-145.30333288300113,1
2496300,12370863,Entire home/apt,,4,55,0.5,0.16666666666666666,0.0,0.1523076923076923,0.6666666666666666,-40.135299713520254,-144.90262135485315,1
4129890,2349948,Entire home/apt,,4,36,0.5,0.16666666666666666,0.0,0.1523076923076923,0.6666666666666666,-40.135427825342795,-144.9038393043584,1
4980012,2349948,Entire home/apt,,4,38,0.5,0.16666666666666666,0.0,0.14615384615384616,0.6666666666666666,-40.137175052539575,-144.9027564551344,1
6916870,2349948,Entire home/apt,,4,22,0.5,0.16666666666666666,0.0,0.13076923076923078,0.6666666666666666,-40.13162808320192,-144.90273393842088,1
7717321,3640574,Entire home/apt,,4,19,0.5,0.16666666666666666,0.0,0.10615384615384615,0.6666666666666666,-40.13224138448004,-144.90045975035306,1
8812994,46168551,Entire home/apt,,4,12,0.5,0.16666666666666666,0.0,0.19846153846153847,0.6666666666666666,-40.14708327541053,-144.89634942664463,1
6705928,34946956,Entire home/apt,,4,8,0.5,0.16666666666666666,0.0,0.18461538461538463,0.6666666666666666,-40.128457997039895,-144.90490373081676,1
5957976,8900546,Entire home/apt,,4,29,0.5,0.25,0.0,0.18461538461538463,0.6666666666666666,-40.10580401071788,-144.9222375062965,1
1129061,6194110,Entire home/apt,,4,18,0.5,0.25,0.0,0.2076923076923077,0.6666666666666666,-40.10720233763199,-144.9330967031458,1
2866860,9337324,Entire home/apt,,4,36,0.5,0.25,0.0,0.14615384615384616,0.6666666666666666,-40.10896864531298,-144.91765433160367,1
5781709,4088632,Entire home/apt,,4,39,0.5,0.25,0.0,0.16153846153846155,0.6666666666666666,-40.11189886253066,-144.849983419513,1
6436751,4924583,Entire home/apt,,5,21,0.5,0.16666666666666666,0.25,0.2,0.6666666666666666,-40.114578307670186,-144.9073723814106,1
6705819,34946956,Entire home/apt,,4,4,0.5,0.16666666666666666,0.25,0.2,0.6666666666666666,-40.12843891655569,-144.90442473891048,1
969607,4201037,Entire home/apt,,4,57,0.5,0.16666666666666666,0.25,0.2,0.6666666666666666,-40.121338250646794,-144.91185730135345,1
4765796,12622337,Entire home/apt,,4,18,0.5,0.25,0.25,0.21846153846153846,0.6666666666666666,-40.13920303543256,-144.89820193807697,1
10394638,8058149,Entire home/apt,,4,3,0.5,0.25,0.25,0.14615384615384616,0.6666666666666666,-40.114311180891264,-144.91351125631186,1
196129,949424,Entire home/apt,,4,10,0.5,0.4166666666666667,0.25,0.19230769230769232,0.5725666666666667,-40.11913036604555,-144.90595382845746,1
1846594,8551876,Entire home/apt,,4,22,0.5,0.3333333333333333,0.25,0.2,0.5725666666666667,-40.11369787961315,-144.93104358826554,1
239370,1255224,Entire home/apt,,4,31,0.5,0.3333333333333333,0.25,0.25846153846153846,0.6666666666666666,-40.132445818239404,-144.9007463267073,1
6808400,13787275,Entire home/apt,,6,2,0.5,0.25,0.25,0.17692307692307693,0.6666666666666666,-40.06275571256079,-144.9724579653918,1
1346576,7054805,Entire home/apt,,4,13,0.5,0.3333333333333333,0.0,0.32153846153846155,0.6666666666666666,-40.09461739540497,-144.95147852929216,1
6809648,1201525,Entire home/apt,,5,27,0.5,0.3333333333333333,0.0,0.1523076923076923,0.6666666666666666,-40.11826901847274,-144.90525376336365,1
10553323,54430841,Entire home/apt,,4,4,0.5,0.3333333333333333,0.0,0.14153846153846153,0.3333333333333333,-40.122145082550446,-144.91006210519194,1
8473997,43793840,Entire home/apt,,4,11,0.5,0.3333333333333333,0.0,0.16153846153846155,0.3333333333333333,-40.13284650840777,-144.90438789337927,1
6116855,25647587,Entire home/apt,,4,40,0.5,0.16666666666666666,0.0,0.18461538461538463,0.3333333333333333,-40.14304093854186,-144.8992213311083,1
2552127,11763720,Entire home/apt,,4,49,0.5,0.16666666666666666,0.0,0.16923076923076924,0.3333333333333333,-40.13483633033234,-144.89965733656143,1
4157152,11763720,Entire home/apt,,4,31,0.5,0.16666666666666666,0.0,0.16923076923076924,0.3333333333333333,-40.13562953331871,-144.90257836840001,1
9678917,740644,Entire home/apt,,4,17,0.5,0.16666666666666666,0.0,0.17692307692307693,0.3333333333333333,-40.10477093878718,-144.91910563614016,1
10999124,11763720,Entire home/apt,,4,3,0.5,0.16666666666666666,0.0,0.12307692307692308,0.3333333333333333,-40.132219578212364,-144.90336031245212,1
5386028,11763720,Entire home/apt,,4,7,0.5,0.16666666666666666,0.0,0.13692307692307693,0.3333333333333333,-40.135585920783384,-144.89936257231142,1
9279655,48189124,Entire home/apt,,4,8,0.5,0.16666666666666666,0.0,0.14461538461538462,0.3333333333333333,-40.10382781771061,-144.91982003005165,1
9739173,50249223,Entire home/apt,,4,9,0.5,0.25,0.0,0.21384615384615385,0.3333333333333333,-40.107981911701074,-144.9351170664427,1
6271795,14208711,Entire home/apt,,4,22,0.5,0.25,0.0,0.21846153846153846,0.3333333333333333,-40.10639823151179,-144.93553874307818,1
6887991,2783824,Entire home/apt,,4,21,0.5,0.25,0.0,0.19692307692307692,0.3333333333333333,-40.10915399858814,-144.9276108129373,1
5031193,25568974,Entire home/apt,,5,28,0.5,0.25,0.0,0.2076923076923077,0.3333333333333333,-40.05339264638148,-144.9535889594433,1
9451168,48973927,Entire home/apt,,5,7,0.5,0.25,0.25,0.15384615384615385,0.3333333333333333,-40.04275936511061,-144.88425795147236,1
8444796,12935418,Entire home/apt,,4,17,0.5,0.16666666666666666,0.25,0.18307692307692308,0.3333333333333333,-40.11808911676449,-144.90648399471266,1
5078566,1596819,Entire home/apt,,6,7,0.5,0.16666666666666666,0.25,0.16923076923076924,0.3333333333333333,-40.05084403884796,-144.95220315807347,1
1664552,8799028,Entire home/apt,,4,78,0.5,0.3333333333333333,0.25,0.2076923076923077,0.3333333333333333,-40.119263929435014,-144.911437671692,1
1605190,8551876,Entire home/apt,,4,40,0.5,0.3333333333333333,0.25,0.18,0.3333333333333333,-40.13443564016398,-144.89915378096765,1
1602322,5004868,Entire home/apt,,4,61,0.5,0.4166666666666667,0.25,0.2153846153846154,0.3333333333333333,-40.11409856978151,-144.91291558688994,1
7973172,42075860,Private room,,4,15,0.5,0.25,0.25,0.13692307692307693,0.6666666666666666,-40.087947403282485,-144.8343240687312,1
5830051,8885340,Private room,,4,27,0.5,0.25,0.25,0.12307692307692308,0.6666666666666666,-40.14908400046894,-144.84556195576283,1
9116179,43073326,Private room,,4,6,0.5,0.16666666666666666,0.25,0.18307692307692308,0.6666666666666666,-40.10615018521708,-144.92713182103103,1
10295377,31737661,Private room,,4,6,0.5,0.16666666666666666,0.25,0.08461538461538462,0.6666666666666666,-40.06059416627834,-144.5878724980881,1
2867240,14656281,Private room,,5,47,0.5,0.16666666666666666,0.25,0.09846153846153846,0.6666666666666666,-40.12139276631596,-144.86945423580525,1
2710380,8900546,Private room,,6,31,0.5,0.25,0.25,0.13076923076923078,0.6666666666666666,-40.022591293302575,-144.95507915648503,1
5673582,29417584,Private room,,3,4,0.5,0.16666666666666666,0.25,0.15846153846153846,0.6666666666666666,-39.811860974140586,-144.71768953955572,1
5605760,23491266,Private room,,3,22,0.5,0.16666666666666666,0.25,0.11538461538461539,0.6666666666666666,-39.77736345869221,-144.75992884718727,1
5511136,4719183,Shared room,,4,9,0.5,0.08333333333333333,0.25,0.043076923076923075,0.3333333333333333,-40.11208421580582,-144.91293400965557,1
7040306,16759150,Shared room,,4,39,0.5,0.16666666666666666,0.25,0.0876923076923077,0.3333333333333333,-40.12482997925688,-144.9028547098844,1
9716726,38618002,Shared room,,4,13,0.5,0.16666666666666666,0.25,0.09230769230769231,0.3333333333333333,-40.13835531677703,-144.89092289868094,1
4498912,22942005,Private room,,4,17,0.5,0.16666666666666666,0.25,0.09076923076923077,0.3333333333333333,-40.13104749132529,-144.84017227333038,1
8137288,42803266,Private room,,4,30,0.5,0.16666666666666666,0.25,0.11692307692307692,0.3333333333333333,-40.13981088514376,-144.87341103646685,1
6616502,30132325,Private room,,4,49,0.5,0.16666666666666666,0.25,0.11538461538461539,0.3333333333333333,-40.12644909463112,-144.89856834641552,1
5594035,25219361,Private room,,4,64,0.5,0.16666666666666666,0.25,0.10923076923076923,0.3333333333333333,-40.131290086053085,-144.89782938881655,1
10615564,33388952,Private room,,4,4,0.5,0.16666666666666666,0.25,0.13076923076923078,0.3333333333333333,-40.13559682391721,-144.89586634079046,1
4336079,19252004,Private room,,4,61,0.5,0.16666666666666666,0.25,0.13076923076923078,0.3333333333333333,-40.141866125871324,-144.89807093174366,1
5736199,28716554,Private room,,4,30,0.5,0.16666666666666666,0.25,0.13692307692307693,0.3333333333333333,-40.120853061191205,-144.9059026541085,1
10344946,51428584,Private room,,4,6,0.5,0.16666666666666666,0.25,0.13846153846153847,0.3333333333333333,-40.1149299337363,-144.91108354519716,1
10529879,9894305,Private room,,4,4,0.5,0.16666666666666666,0.25,0.12307692307692308,0.3333333333333333,-40.10692703350271,-144.92984406152593,1
7717434,34480813,Private room,,4,20,0.5,0.25,0.25,0.13076923076923078,0.3333333333333333,-40.146232830971535,-144.81315631102746,1
1551568,1832197,Private room,,4,42,0.5,0.25,0.25,0.16923076923076924,0.3333333333333333,-40.161745264632785,-144.88030115081082,1
33425,144760,Private room,,4,25,0.5,0.25,0.25,0.15846153846153846,0.3333333333333333,-40.12281289949773,-144.65097251732965,1
9825277,20446464,Private room,,5,18,0.5,0.16666666666666666,0.25,0.06153846153846154,0.3333333333333333,-40.09980728710959,-144.89597483041027,1
7213555,33123363,Private room,,5,40,0.5,0.16666666666666666,0.25,0.09076923076923077,0.3333333333333333,-40.07942387840835,-144.94359153863047,1
2532804,7324234,Private room,,5,61,0.5,0.25,0.25,0.13076923076923078,0.3333333333333333,-40.05096942488705,-144.88400822064943,1
5640015,29228087,Private room,,7,23,0.5,0.16666666666666666,0.25,0.12307692307692308,0.3333333333333333,-40.01649098992288,-145.0380900914199,1
3783233,8782244,Private room,,7,29,0.5,0.16666666666666666,0.25,0.09230769230769231,0.3333333333333333,-40.01587768864476,-144.98075230387124,1
8286089,3928131,Private room,,7,26,0.5,0.16666666666666666,0.25,0.07692307692307693,0.3333333333333333,-39.94284304666278,-145.0678817504104,1
3743772,13015695,Private room,,6,25,0.5,0.25,0.25,0.08615384615384615,0.3333333333333333,-39.90874349559932,-144.96396711741235,1
8489768,13015695,Private room,,6,24,0.5,0.25,0.25,0.08461538461538462,0.3333333333333333,-39.90691176911533,-144.96492714819885,1
771663,1172448,Private room,,3,113,0.5,0.16666666666666666,0.25,0.11538461538461539,0.3333333333333333,-39.76937691315936,-144.75117598654114,1
210168,1036212,Private room,,3,80,0.5,0.16666666666666666,0.25,0.11538461538461539,0.3333333333333333,-39.789463211463655,-144.7308802397436,1
3923766,20326256,Private room,,3,84,0.5,0.16666666666666666,0.25,0.1076923076923077,0.3333333333333333,-39.71947326960461,-144.74864183278063,1
9680793,6034640,Private room,,3,3,0.5,0.16666666666666666,0.25,0.12307692307692308,0.3333333333333333,-39.842498780212,-144.7518023605724,1
9075693,31115693,Private room,,3,2,0.5,0.16666666666666666,0.25,0.12307692307692308,0.3333333333333333,-39.79497474561636,-144.82451906347052,1
5280819,10645147,Private room,,3,55,0.5,0.16666666666666666,0.25,0.11538461538461539,0.3333333333333333,-39.72544818694523,-144.8413554242783,1
2655673,10751047,Entire home/apt,,3,57,0.5,0.3333333333333333,0.25,0.27692307692307694,0.3333333333333333,-39.827493342274,-144.8630062678363,1
10542640,54364761,Entire home/apt,,3,2,0.5,0.25,0.0,0.13846153846153847,0.3333333333333333,-39.79815846069567,-144.7226739211444,1
7151120,3435373,Shared room,,4,11,0.5,0.43625,0.25,0.046153846153846156,0.6666666666666666,-40.11668261249999,-144.90897311504608,1
10272035,26088078,Entire home/apt,,6,9,0.5,0.25,0.5,0.17692307692307693,0.6666666666666666,-40.05017077033376,-144.95216221859428,1
7182884,37632447,Entire home/apt,,5,25,0.5,0.43625,0.5,0.14615384615384616,0.6666666666666666,-40.04825181877911,-144.88467144021197,1
6465833,16605351,Entire home/apt,,5,14,0.5,0.3333333333333333,0.5,0.1723076923076923,0.3333333333333333,-40.02674538729304,-144.87976689060764,1
9046217,47202476,Entire home/apt,,5,4,0.5,0.3333333333333333,0.5,0.13846153846153847,0.3333333333333333,-40.102075138946915,-144.90064397800933,1
1405415,7175139,Entire home/apt,,5,79,0.5,0.43625,0.5,0.22923076923076924,0.3333333333333333,-40.10251671586716,-144.89569439497797,1
6240880,28585183,Entire home/apt,,5,15,0.5,0.43625,0.5,0.30615384615384617,0.3333333333333333,-40.098384428144364,-144.92085170492663,1
3829376,12622337,Entire home/apt,,4,36,0.5,0.43625,0.5,0.34615384615384615,0.6666666666666666,-40.10990904060609,-144.9173698022234,1
7567559,4924583,Entire home/apt,,4,12,0.5,0.4166666666666667,0.5,0.33076923076923076,0.6666666666666666,-40.13237767365295,-144.89604442752486,1
9162021,47689828,Entire home/apt,,4,4,0.5,0.43625,0.5,0.38461538461538464,0.6666666666666666,-40.106251039205034,-144.93017157735926,1
7405576,2384634,Entire home/apt,,5,13,0.5,0.43625,0.5,0.2953846153846154,0.6666666666666666,-40.10168262612891,-144.91876583846306,1
3479044,3046264,Entire home/apt,,5,19,0.5,0.43625,0.5,0.4230769230769231,0.6666666666666666,-40.105247950892384,-144.91372209462955,1
4774436,24624590,Entire home/apt,,9,20,0.5,0.4166666666666667,0.5,0.3384615384615385,0.6666666666666666,-40.02876519283565,-145.24809119678582,1
8519178,34480813,Private room,,4,3,0.5,0.43625,0.25,0.3076923076923077,0.3333333333333333,-40.147707479822486,-144.81437630750668,1
5242206,27131231,Entire home/apt,,4,16,0.5,0.43625,0.25,0.36923076923076925,0.3333333333333333,-40.13652086450958,-144.89720301478528,1
6888091,19252004,Entire home/apt,,4,17,0.5,0.43625,0.5,0.3076923076923077,0.3333333333333333,-40.11837259824415,-144.90719224770228,1
9846703,47589163,Private room,,1,5,0.5,0.08333333333333333,0.25,0.08461538461538462,0.3333333333333333,-39.91434225482269,-145.45501979424026,1
5751842,1209417,Private room,,1,8,0.5,0.16666666666666666,0.25,0.1076923076923077,0.3333333333333333,-39.97865438973807,-145.41238746760865,1
342120,1735929,Private room,,1,114,0.5,0.16666666666666666,0.25,0.06923076923076923,0.3333333333333333,-39.7671254160228,-145.5913093673643,1
675976,3416690,Private room,,1,13,0.5,0.08333333333333333,0.25,0.08461538461538462,0.3333333333333333,-39.68653762807784,-145.58444995762966,1
707510,3416690,Private room,,1,3,0.5,0.08333333333333333,0.25,0.08461538461538462,0.3333333333333333,-39.68617782466136,-145.58364344989008,1
9863435,50014565,Shared room,,1,3,0.5,0.08333333333333333,0.25,0.1,0.3333333333333333,-39.589210803915414,-145.7103020105399,1
9742992,12138629,Private room,,9,7,0.5,0.16666666666666666,0.25,0.05846153846153846,0.6666666666666666,-39.96057699384255,-145.31998706312666,1
2671573,4855417,Private room,,1,44,0.5,0.16666666666666666,0.25,0.1,0.6666666666666666,-39.90210893866179,-145.43815477579702,1
7918064,41751988,Private room,,8,11,0.5,0.3333333333333333,0.25,0.1,0.3333333333333333,-39.75746251366309,-145.18974629804967,1
7236452,33083345,Private room,,9,26,0.5,0.25,0.25,0.1076923076923077,0.3333333333333333,-39.9782727800539,-145.28800514200066,1
6824061,35744520,Entire home/apt,,2,31,0.5,0.16666666666666666,0.25,0.09230769230769231,1.0,-39.37142888294677,-145.50375415024172,1
606643,3005385,Entire home/apt,,2,3,0.5,0.16666666666666666,0.25,0.19230769230769232,1.0,-39.26755200113402,-145.47423064483976,1
946049,5126451,Entire home/apt,,2,79,0.5,0.16666666666666666,0.25,0.22615384615384615,1.0,-39.179514646997504,-145.41854476527556,1
1018955,4242548,Entire home/apt,,2,83,0.5,0.16666666666666666,0.25,0.13076923076923078,1.0,-39.11265935611553,-145.38695791012353,1
10251704,25102990,Private room,,2,5,0.5,0.16666666666666666,0.25,0.13076923076923078,1.0,-39.33118541596828,-145.49127375001743,1
438923,2180698,Private room,,2,94,0.5,0.16666666666666666,0.25,0.11538461538461539,1.0,-38.97203618750129,-145.2545493996246,1
2151819,10982895,Entire home/apt,,2,63,0.5,0.3333333333333333,0.25,0.11538461538461539,1.0,-39.19524514333541,-145.094128050505,1
8690103,35744520,Entire home/apt,,2,24,0.5,0.25,0.0,0.09230769230769231,1.0,-39.38342778173026,-145.5004216766375,1
255644,1343892,Private room,,2,7,0.5,0.25,0.25,0.28923076923076924,1.0,-39.034658336672514,-145.3292926067415,1
2710849,13874456,Entire home/apt,,2,61,0.5,0.16666666666666666,0.0,0.15384615384615385,0.6666666666666666,-39.028473534005606,-145.3220586007725,1
4294936,3970342,Entire home/apt,,1,25,0.5,0.3333333333333333,0.25,0.15384615384615385,0.6666666666666666,-39.56890099136754,-145.68003340661704,1
7527119,39444723,Entire home/apt,,1,15,0.5,0.25,0.25,0.1523076923076923,1.0,-39.572043819694976,-145.6813311881067,1
6811281,33326620,Entire home/apt,,1,2,0.5,0.16666666666666666,0.25,0.18461538461538463,1.0,-39.571127956452976,-145.67962196485144,1
4779337,12518090,Entire home/apt,,2,30,0.5,0.43625,0.5,0.2076923076923077,0.3333333333333333,-39.121482717170075,-145.0981176027499,1
2011032,9976338,Entire home/apt,,2,48,0.5,0.4166666666666667,0.5,0.23076923076923078,0.3333333333333333,-39.19157078723361,-145.09253141081746,1
9653461,49903884,Entire home/apt,,2,3,0.5,0.43625,0.5,0.3830769230769231,0.3333333333333333,-39.05599304380071,-145.3394844900804,1
7160805,7338403,Entire home/apt,,2,11,0.5,0.3333333333333333,0.25,0.19846153846153847,0.3333333333333333,-39.37450084090429,-144.95992024989664,1
8105335,42788414,Entire home/apt,,2,5,0.5,0.3333333333333333,0.25,0.21846153846153846,0.3333333333333333,-39.27742751460348,-145.0400142469408,1
484879,2178105,Entire home/apt,,2,81,0.5,0.25,0.25,0.2153846153846154,0.3333333333333333,-39.03011990721443,-145.32801529499147,1
2407312,12305876,Entire home/apt,,2,16,0.5,0.3333333333333333,0.25,0.2846153846153846,0.3333333333333333,-39.031458266892464,-145.33972603300745,1
5115728,770461,Entire home/apt,,2,13,0.5,0.16666666666666666,0.25,0.13076923076923078,0.3333333333333333,-39.08260486770419,-145.37094647982093,1
6855111,7338403,Private room,,2,9,0.5,0.16666666666666666,0.25,0.15076923076923077,0.3333333333333333,-39.371066353746826,-144.96521372455308,1
820230,1504615,Private room,,2,67,0.5,0.16666666666666666,0.25,0.14615384615384616,0.3333333333333333,-39.27560396546987,-145.47710664325135,1
6214669,26367237,Private room,,2,12,0.5,0.16666666666666666,0.25,0.08307692307692308,0.3333333333333333,-39.33576200639478,-145.51929272955996,1
6226632,26367237,Private room,,2,9,0.5,0.16666666666666666,0.25,0.10307692307692308,0.3333333333333333,-39.34141800707078,-145.5233866774767,1
8635963,45321760,Private room,,2,6,0.5,0.16666666666666666,0.25,0.07692307692307693,0.3333333333333333,-39.039581101598216,-145.33357487626247,1
4886632,984502,Private room,,2,18,0.5,0.25,0.25,0.15384615384615385,0.3333333333333333,-39.113809636734935,-145.35562487974232,1
926245,4984115,Private room,,2,76,0.5,0.25,0.25,0.13846153846153847,0.6666666666666666,-39.03629108096405,-145.33878647196053,1
2989578,9584870,Private room,,2,11,0.5,0.3333333333333333,0.25,0.1523076923076923,0.6666666666666666,-39.11273567805236,-145.1221040435944,1
1712562,9032546,Entire home/apt,,2,97,0.5,0.3333333333333333,0.25,0.15384615384615385,0.6666666666666666,-39.123502522712684,-145.38942656071734,1
2537355,12992020,Entire home/apt,,4,14,0.5,0.3333333333333333,0.0,0.2692307692307692,1.0,-40.12731316798741,-144.9041954778272,1
2441489,706371,Entire home/apt,,4,2,0.5,0.3333333333333333,0.0,0.23076923076923078,1.0,-40.09217236764287,-144.93711900697403,1
1768152,1671879,Entire home/apt,,4,43,0.5,0.3333333333333333,0.0,0.17692307692307693,1.0,-40.121261928709956,-144.90809701019188,1
3306411,16695848,Entire home/apt,,4,59,0.5,0.3333333333333333,0.0,0.17692307692307693,1.0,-40.11727410751045,-144.90887690727004,1
5191438,1201525,Entire home/apt,,4,55,0.5,0.3333333333333333,0.0,0.1523076923076923,1.0,-40.13121648989971,-144.90258860326983,1
2142960,10937460,Entire home/apt,,4,16,0.5,0.25,0.0,0.18461538461538463,1.0,-40.111885233613364,-144.9287223197967,1
1832582,8031844,Entire home/apt,,4,110,0.5,0.16666666666666666,0.0,0.16,1.0,-40.12478909250501,-144.90423641730632,1
6435458,16113256,Entire home/apt,,4,20,0.5,0.16666666666666666,0.0,0.15384615384615385,1.0,-40.11004260399555,-144.92366834109342,1
3586725,2759082,Entire home/apt,,4,71,0.5,0.16666666666666666,0.0,0.28923076923076924,1.0,-40.10247582911528,-144.93234136975514,1
1857322,9692531,Entire home/apt,,4,30,0.5,0.16666666666666666,0.25,0.26153846153846155,1.0,-40.13277018647094,-144.9004413275875,1
2918291,2576932,Entire home/apt,,4,4,0.5,0.25,0.25,0.3415384615384615,1.0,-40.11847072644864,-144.91072737172843,1
6132037,9692531,Entire home/apt,,4,13,0.5,0.3333333333333333,0.25,0.2692307692307692,1.0,-40.1226847876752,-144.66843525216873,1
6318750,14654082,Entire home/apt,,4,9,0.5,0.3333333333333333,0.25,0.22923076923076924,1.0,-40.12272294864361,-144.90793734622312,1
8106508,40240788,Entire home/apt,,4,6,0.5,0.3333333333333333,0.25,0.23076923076923078,1.0,-40.13987630394676,-144.89956726970726,1
642564,3222390,Entire home/apt,,4,73,0.5,0.3333333333333333,0.25,0.23076923076923078,1.0,-40.152845581641394,-144.88047514359727,1
8906767,11822619,Entire home/apt,,4,12,0.5,0.3333333333333333,0.25,0.22923076923076924,1.0,-40.113308092578606,-144.9310128836561,1
9417669,16113256,Entire home/apt,,4,7,0.5,0.3333333333333333,0.25,0.25846153846153846,1.0,-40.11824721220506,-144.9075586560408,1
4137709,8551876,Entire home/apt,,4,15,0.5,0.3333333333333333,0.25,0.18461538461538463,1.0,-40.13933387303856,-144.8964681511342,1
2172663,8644284,Entire home/apt,,4,54,0.5,0.25,0.25,0.18461538461538463,1.0,-40.11063682478947,-144.92755349766642,1
178607,706371,Entire home/apt,,4,9,0.5,0.3333333333333333,0.485,0.22923076923076924,1.0,-40.09301190894803,-144.93745266372926,1
7179690,10303849,Entire home/apt,,5,19,0.5,0.25,0.25,0.13692307692307693,1.0,-40.05563869195113,-144.90035126073332,1
5917858,11775273,Entire home/apt,,5,5,0.5,0.4166666666666667,0.25,0.19230769230769232,1.0,-40.09712784197008,-144.89669331826966,1
7027182,36839537,Entire home/apt,,4,13,0.5,0.3333333333333333,0.25,0.2076923076923077,1.3333333333333333,-40.12847162595719,-144.9006480719573,1
6594538,25445257,Entire home/apt,,4,2,0.5,0.3333333333333333,0.25,0.23076923076923078,1.3333333333333333,-40.14023610736326,-144.9001895497906,1
2570775,1671879,Entire home/apt,,4,19,0.5,0.4166666666666667,0.25,0.24461538461538462,1.3333333333333333,-40.13392319287381,-144.89954884694163,1
6625757,34144484,Entire home/apt,,4,4,0.5,0.16666666666666666,0.0,0.19230769230769232,1.3333333333333333,-40.13183251696129,-144.90400715622297,1
3304358,16113256,Entire home/apt,,4,18,0.5,0.16666666666666666,0.0,0.1676923076923077,1.3333333333333333,-40.1068616146997,-144.93512525433857,1
197959,965391,Entire home/apt,,4,57,0.5,0.3333333333333333,0.0,0.2230769230769231,1.3333333333333333,-40.09971188468856,-144.93827964120845,1
3232074,2349948,Entire home/apt,,4,36,0.5,0.3333333333333333,0.0,0.22923076923076924,1.3333333333333333,-40.13489629756843,-144.9017923304,1
3961051,14040,Entire home/apt,,7,48,0.5,0.16666666666666666,0.0,0.12153846153846154,1.0,-39.92314380960957,-145.10230775844275,1
11189242,29757618,Entire home/apt,,4,2,0.5,0.3333333333333333,0.25,0.2076923076923077,1.6666666666666667,-40.12451106259226,-144.90541752128036,1
6562464,34144484,Entire home/apt,,4,4,0.5,0.08333333333333333,0.0,0.1523076923076923,1.6666666666666667,-40.132879217809275,-144.90108407741045,1
10751413,11822619,Entire home/apt,,4,2,0.5,0.25,0.0,0.15076923076923077,1.6666666666666667,-40.11710783471949,-144.9064225854939,1
10155224,4582903,Private room,,6,6,0.5,0.16666666666666666,0.25,0.13384615384615384,1.6666666666666667,-40.059135872128145,-144.92262438437461,1
9594306,49656090,Private room,,4,2,0.5,0.16666666666666666,0.25,0.13692307692307693,1.6666666666666667,-40.10763028563495,-144.93471381257294,1
4136901,21461017,Entire home/apt,,5,12,0.5,0.16666666666666666,0.25,0.11076923076923077,1.6666666666666667,-40.1193756865568,-144.88238497030045,1
6954978,36388020,Entire home/apt,,3,5,0.5,0.16666666666666666,0.0,0.1523076923076923,1.3333333333333333,-39.8664093527083,-144.7339220430458,1
7999609,12992020,Entire home/apt,,6,4,0.5,0.16666666666666666,0.25,0.2076923076923077,1.3333333333333333,-40.044002322367604,-144.97933989183997,1
196110,943818,Entire home/apt,,3,14,0.5,0.25,0.25,0.30615384615384617,1.6666666666666667,-39.75772691465855,-144.79263744406848,1
939666,5076896,Entire home/apt,,3,84,0.5,0.3333333333333333,0.5,0.25384615384615383,1.3333333333333333,-39.77187373080717,-144.74494295083784,1
4504530,23361209,Entire home/apt,,3,18,0.5,0.3333333333333333,0.5,0.2923076923076923,1.0,-39.94757228096295,-144.72112026791,1
4209885,12304286,Private room,,6,29,0.5,0.16666666666666666,0.25,0.11538461538461539,1.0,-39.98236690680829,-144.95968484789142,1
1831727,9579908,Private room,,6,63,0.5,0.16666666666666666,0.25,0.11846153846153847,1.0,-39.933564479770695,-144.94533965439095,1
7198784,5746903,Private room,,4,12,0.5,0.08333333333333333,0.25,0.0876923076923077,1.0,-40.152834678507574,-144.8300417992103,1
6399257,25658334,Private room,,4,14,0.5,0.25,0.25,0.12307692307692308,1.0,-40.14427844423194,-144.84304827174194,1
9700074,50091548,Private room,,5,13,0.5,0.16666666666666666,0.25,0.06923076923076923,1.0,-40.11031518234138,-144.87511616577422,1
2228180,11369496,Private room,,3,10,0.5,0.16666666666666666,0.25,0.20307692307692307,1.0,-39.81235434094655,-144.71482172903998,1
2228778,11369496,Private room,,3,10,0.5,0.16666666666666666,0.25,0.14153846153846153,1.0,-39.81610501898518,-144.7187171204828,1
8786004,63444,Private room,,3,14,0.5,0.16666666666666666,0.25,0.10615384615384615,1.0,-39.79098419863339,-144.74594187412953,1
4854095,24971626,Entire home/apt,,3,13,0.5,0.25,0.25,0.17692307692307693,1.0,-39.76285956491054,-144.86458243778424,1
5221625,12518090,Entire home/apt,,2,8,0.5,0.43625,1.0,0.34615384615384615,0.3333333333333333,-39.123131816162356,-145.09953410872913,1
8869438,4298905,Entire home/apt,,1,4,0.5,0.43625,0.75,0.3769230769230769,0.3333333333333333,-39.89312748216666,-145.453701543011,1
6158302,31948547,Entire home/apt,,1,23,0.5,0.43625,1.0,0.22923076923076924,0.6666666666666666,-39.75707545241201,-145.60785301089604,1
9611019,49363174,Entire home/apt,,4,3,0.5,0.43625,0.75,0.5769230769230769,0.3333333333333333,-40.064840936906386,-144.65269402242868,1
1583670,8434637,Entire home/apt,,4,36,0.5,0.43625,0.75,0.4907692307692308,0.3333333333333333,-40.14406310733873,-144.87995521221185,1
7787243,40892664,Entire home/apt,,4,3,0.5,0.3333333333333333,0.5,0.6923076923076923,0.3333333333333333,-40.10968825214597,-144.9345766653177,1
8427787,42536781,Entire home/apt,,4,7,0.5,0.43625,0.75,0.5,1.0,-40.099720062038934,-144.83668218273132,1
232825,706371,Entire home/apt,,4,18,0.5,0.43625,0.5,0.5523076923076923,1.0,-40.09395230424114,-144.9373093755522,1
1684552,4582631,Entire home/apt,,2,26,0.5,0.3333333333333333,0.5,0.2692307692307692,1.0,-39.038757914993816,-145.3319516259135,1
1352148,7338403,Entire home/apt,,2,39,0.5,0.43625,0.75,0.30615384615384617,1.0,-39.37804435940009,-144.95968484789142,1
2823802,10074001,Entire home/apt,,2,4,0.5,0.43625,0.75,0.38461538461538464,1.0,-39.23313080762248,-145.0856904238485,1
1833269,9032726,Entire home/apt,,2,5,0.5,0.43625,0.75,0.3076923076923077,1.3333333333333333,-39.18274197461215,-145.09936420989055,1
1197879,1166569,Entire home/apt,,2,7,0.5,0.43625,0.5,0.2969230769230769,1.3333333333333333,-38.98114303003551,-145.2517000118745,1
322914,461037,Entire home/apt,,2,4,0.5,0.3333333333333333,0.5,0.27692307692307694,1.6666666666666667,-38.97955117249585,-145.25216876891093,1
164963,770461,Entire home/apt,,2,31,0.5,0.43625,0.5,0.6153846153846154,0.6666666666666666,-39.080465127689415,-145.37014201905527,1
9485885,25846886,Entire home/apt,,2,1,1.0,0.43625,1.25,1.6292307692307693,0.5725666666666667,-39.11669624141728,-145.10575690956267,1
9611792,49731275,Entire home/apt,,4,1,1.0,0.43625,1.5,1.7692307692307692,1.3333333333333333,-40.14165351476157,-144.66651723756974,1
8326369,17709954,Entire home/apt,,3,1,1.0,0.43625,1.0,1.1846153846153846,2.0,-39.961048554380845,-144.64777105005876,1
9320216,44494008,Entire home/apt,,4,1,1.0,0.43625,0.5,1.2523076923076923,1.6666666666666667,-40.110650453706754,-144.92881852757273,1
8780721,13200047,Entire home/apt,,4,2,1.0,0.43625,0.75,1.1538461538461537,1.0,-40.171473585795496,-144.8975469064103,1
5960823,11284178,Entire home/apt,,3,1,1.0,0.43625,1.0,1.3292307692307692,1.3333333333333333,-39.812242583824755,-144.69870590306553,1
5671479,14898273,Entire home/apt,,3,1,1.0,0.43625,1.0,1.4076923076923078,1.0,-39.958647139154074,-144.65018443235567,1
865710,4281948,Entire home/apt,,2,1,1.0,0.43625,1.25,1.2307692307692308,1.3333333333333333,-39.117246849675865,-145.09189275494242,1
1373228,7442275,Entire home/apt,,4,5,1.0,0.43625,0.75,1.0,0.3333333333333333,-40.07903681715727,-144.6328854554333,1
2311353,7442275,Entire home/apt,,4,1,1.0,0.43625,0.75,1.0,0.3333333333333333,-40.07832266189119,-144.63629776102195,1
9884581,9127597,Entire home/apt,,4,2,1.0,0.43625,1.0,1.0692307692307692,0.3333333333333333,-40.08162631144266,-144.63141163418325,1
6714637,4384556,Entire home/apt,,4,21,1.0,0.43625,1.0,0.7061538461538461,0.3333333333333333,-40.149064919984724,-144.8853940220193,1
7615142,7785405,Entire home/apt,,1,5,1.0,0.43625,0.75,0.9153846153846154,0.3333333333333333,-39.983800668907364,-145.511616577216,1
1925767,9976338,Entire home/apt,,2,15,1.0,0.43625,1.0,0.6923076923076923,0.3333333333333333,-39.19228221671624,-145.0922223177497,1
8638407,45414522,Entire home/apt,,2,2,1.0,0.43625,1.25,0.7692307692307693,0.5725666666666667,-39.15399586226081,-145.09704908234363,1
330542,1686121,Entire home/apt,,2,11,1.0,0.43625,1.25,1.1538461538461537,0.5725666666666667,-39.16602474466233,-145.410403949843,1
6556134,34288091,Entire home/apt,,1,2,1.0,0.43625,1.5,0.9538461538461539,1.0,-39.60705923400043,-145.69182602359137,1
5603969,3314241,Entire home/apt,,5,14,1.0,0.43625,1.75,1.1153846153846154,0.6666666666666666,-40.10202607484466,-144.85785198740905,1
4277251,22204814,Entire home/apt,,1,11,1.0,0.25,0.25,0.2076923076923077,2.3333333333333335,-39.63584350732019,-145.676985462393,1
1014157,361961,Entire home/apt,,1,32,1.0,0.3333333333333333,0.25,0.2076923076923077,2.3333333333333335,-39.63676209634564,-145.67624445782008,1
10246419,11552197,Entire home/apt,,1,1,1.0,0.3333333333333333,0.25,0.2153846153846154,2.3333333333333335,-39.625455546560566,-145.696421480128,1
1500164,8016823,Entire home/apt,,4,28,1.0,0.3333333333333333,0.25,0.23076923076923078,2.3333333333333335,-40.1347409279113,-144.89876485591554,1
5641861,18268146,Entire home/apt,,3,3,1.0,0.16666666666666666,0.25,0.18461538461538463,2.3333333333333335,-39.786156836128725,-144.73612049307715,1
279191,1456277,Private room,,5,43,1.0,0.08333333333333333,0.25,0.09076923076923077,2.3333333333333335,-40.07281112773849,-144.8370219804084,1
8747128,44483583,Private room,,5,2,1.0,0.08333333333333333,0.25,0.06153846153846154,2.3333333333333335,-40.073015561497854,-144.90815227848873,1
295520,1456277,Private room,,5,36,1.0,0.16666666666666666,0.25,0.10615384615384615,2.3333333333333335,-40.06896504727881,-144.83773637431986,1
295519,1456277,Private room,,5,40,1.0,0.16666666666666666,0.25,0.10615384615384615,2.3333333333333335,-40.072315035149074,-144.83410708949165,1
3406684,15652222,Entire home/apt,,1,7,1.0,0.43625,0.75,0.6153846153846154,2.0,-39.969250436806895,-145.51288979501808,1
4547299,10496350,Entire home/apt,,1,2,1.0,0.43625,0.5,0.6292307692307693,2.0,-39.97340998236428,-145.51037201704926,1
2847320,10496350,Entire home/apt,,1,2,1.0,0.43625,0.5,0.66,2.0,-39.973502659001866,-145.51269942643998,1
583095,2872572,Entire home/apt,,1,3,1.0,0.43625,0.5,0.7307692307692307,2.0,-39.973240983789864,-145.509893025143,1
3416142,15652222,Entire home/apt,,1,5,1.0,0.43625,0.5,0.5384615384615384,2.0,-39.969299500909145,-145.5104436611378,1
4758528,2872572,Entire home/apt,,1,2,1.0,0.43625,0.75,0.8846153846153846,2.0,-39.970992212436755,-145.51329304888787,1
2183107,11160772,Entire home/apt,,1,6,1.0,0.43625,0.75,0.7676923076923077,2.0,-39.96928042042494,-145.51382730909106,1
5448155,15652222,Entire home/apt,,1,5,1.0,0.43625,0.75,0.8076923076923077,2.0,-39.97217520245767,-145.51415073097647,1
10297414,3077371,Entire home/apt,,1,1,1.0,0.43625,0.75,0.5984615384615385,2.3333333333333335,-39.970662392638296,-145.50586048644496,1
3504232,17642524,Entire home/apt,,1,2,1.0,0.43625,0.5,0.9076923076923077,2.3333333333333335,-39.990615127553134,-145.51263597024726,1
3053415,15274083,Entire home/apt,,4,3,1.0,0.43625,0.5,0.5153846153846153,2.3333333333333335,-40.109464737902385,-144.91433004589518,1
1679289,8884049,Entire home/apt,,3,3,1.0,0.4166666666666667,0.5,0.49846153846153846,2.3333333333333335,-39.78892895790582,-144.72750068573833,1
3133314,15274083,Entire home/apt,,4,2,1.0,0.43625,0.75,0.6846153846153846,2.3333333333333335,-40.113463462235735,-144.91552138473898,1
3425630,17267899,Entire home/apt,,1,2,1.0,0.43625,0.5,1.2307692307692308,2.3333333333333335,-39.97456844033406,-145.5137351952629,1
519979,958466,Entire home/apt,,2,1,1.0,0.43625,1.0,0.45384615384615384,2.3333333333333335,-39.11091212891875,-145.3741806986752,1
1970938,9032726,Entire home/apt,,2,3,1.0,0.43625,1.5,0.6153846153846154,2.3333333333333335,-39.186571700371076,-145.1024387647761,1
3093258,9165402,Entire home/apt,,1,8,1.0,0.25,0.0,0.19230769230769232,3.3333333333333335,-39.57871653760092,-145.7218489906392,1
6392485,33331579,Entire home/apt,,1,5,1.0,0.43625,1.0,0.5384615384615384,3.3333333333333335,-39.6828142078738,-145.64727568236083,1
7688935,40381287,Entire home/apt,,1,1,1.0,0.43625,0.75,0.46153846153846156,3.3333333333333335,-39.9537025679607,-145.50443783954384,1
2099262,10706982,Entire home/apt,,4,21,1.0,0.43625,1.5,1.0384615384615385,2.3333333333333335,-40.02891511092586,-144.6733541305908,1
631771,1298922,Entire home/apt,,3,14,0.5,0.43625,1.0,0.6153846153846154,2.3333333333333335,-39.79757786881904,-144.74234329391066,1
3517372,17709954,Entire home/apt,,3,9,0.5,0.43625,0.75,0.9615384615384616,1.6666666666666667,-39.96858807142653,-144.64658175818892,1
7323527,38364262,Entire home/apt,,3,4,0.5,0.43625,0.75,0.8461538461538461,1.3333333333333333,-39.8378567709825,-144.67776740644507,1
356441,1803883,Entire home/apt,,1,9,0.5,0.43625,1.25,0.8323076923076923,1.3333333333333333,-39.6096896150377,-145.70654786030016,1
934944,3913149,Entire home/apt,,5,28,0.5,0.16666666666666666,0.25,0.15076923076923077,2.0,-40.10144003140112,-144.87811293564928,1
3882386,20072780,Entire home/apt,,4,12,0.5,0.3333333333333333,0.25,0.2153846153846154,2.3333333333333335,-40.12159992585879,-144.90751362261378,1
6854698,30161543,Entire home/apt,,4,2,0.5,0.43625,0.5,0.32153846153846155,2.3333333333333335,-40.10606841171334,-144.64807195523065,1
4533835,7527303,Entire home/apt,,3,9,0.5,0.3333333333333333,0.5,0.2692307692307692,2.3333333333333335,-39.963493582142945,-144.65309932327247,1
1787034,9378359,Entire home/apt,,3,20,0.5,0.16666666666666666,0.25,0.20923076923076922,2.3333333333333335,-39.79145303338822,-144.7390988401866,1
4857597,22267033,Entire home/apt,,4,6,0.5,0.3333333333333333,0.0,0.3523076923076923,2.0,-40.11801279482765,-144.91774849240574,1
7460571,26333323,Entire home/apt,,5,6,0.5,0.43625,0.5,0.35384615384615387,1.6666666666666667,-40.103830543494055,-144.9016592770927,1
1163638,6372673,Entire home/apt,,2,5,-0.5,0.3333333333333333,0.5,0.33076923076923076,1.0,-39.64192473021568,-144.92014140496312,1
8240317,17619881,Entire home/apt,,2,2,-0.5,0.3333333333333333,0.25,0.16153846153846155,0.6666666666666666,-39.107769300591315,-145.11812063227134,1
7956673,41961202,Private room,,2,14,-0.5,0.3333333333333333,0.25,0.18461538461538463,0.3333333333333333,-39.04116205600404,-145.33575080958028,1
2256851,1740542,Entire home/apt,,1,17,-0.5,0.43625,0.5,0.16153846153846155,0.6666666666666666,-39.573834659427085,-145.68162595235665,1
7027308,36839537,Entire home/apt,,4,15,-0.5,0.25,0.0,0.18461538461538463,1.0,-40.13523974628417,-144.9015814920823,1
9262889,46430724,Entire home/apt,,4,3,-0.5,0.3333333333333333,0.0,0.16923076923076924,0.6666666666666666,-40.132830153707026,-144.90437151758758,1
8701979,31181927,Private room,,5,2,-0.5,0.3333333333333333,0.25,0.1523076923076923,0.6666666666666666,-40.06408044332152,-144.82234108317877,1
8429041,27131231,Entire home/apt,,4,2,-0.5,0.43625,0.25,0.4307692307692308,0.3333333333333333,-40.13453649415193,-144.89547332179043,1
10680453,33694619,Private room,,5,1,-1.0,0.16666666666666666,0.25,0.1,1.0,-40.09052326865059,-144.92735084724455,1
5615529,25846886,Entire home/apt,,2,4,-1.0,0.43625,0.75,0.5523076923076923,1.0,-39.03577590789042,-145.3404977421898,1
1098226,4350586,Entire home/apt,,4,86,0.0,0.25,0.25,0.16923076923076924,0.3333333333333333,-40.13521248844959,-144.88162144901398,1
10179268,21384555,Entire home/apt,,4,2,0.0,0.43625,0.25,0.2076923076923077,0.3333333333333333,-40.131941548299615,-144.89618157478006,1
8416947,21088887,Entire home/apt,,4,9,0.0,0.16666666666666666,0.0,0.13692307692307693,0.3333333333333333,-40.1318515974455,-144.90042904574372,1
6014654,17309258,Entire home/apt,,4,17,0.0,0.16666666666666666,0.0,0.14615384615384616,0.3333333333333333,-40.10636824789375,-144.92074116833294,1
6953063,36382633,Entire home/apt,,4,15,0.0,0.3333333333333333,0.0,0.18307692307692308,0.6666666666666666,-40.129839969253254,-144.90138498258233,1
3220289,2349948,Entire home/apt,,4,24,0.0,0.25,0.0,0.18307692307692308,0.6666666666666666,-40.134918103836085,-144.90235320126465,1
3220017,2349948,Entire home/apt,,4,29,0.0,0.16666666666666666,0.0,0.1523076923076923,0.6666666666666666,-40.130725848877205,-144.90205229609276,1
3220245,2349948,Entire home/apt,,4,59,0.0,0.16666666666666666,0.0,0.1523076923076923,0.6666666666666666,-40.13521521423305,-144.9029488706865,1
3220203,2349948,Entire home/apt,,4,39,0.0,0.16666666666666666,0.0,0.13846153846153847,0.6666666666666666,-40.13692973202833,-144.9032845744157,1
4258376,1740542,Entire home/apt,,4,33,0.0,0.16666666666666666,0.0,0.1676923076923077,0.6666666666666666,-40.121237396658834,-144.90404809570217,1
6750341,34946956,Entire home/apt,,4,1,0.0,0.16666666666666666,0.25,0.18461538461538463,0.6666666666666666,-40.13112381326212,-144.90457212103553,1
6704906,34946956,Entire home/apt,,4,4,0.0,0.16666666666666666,0.25,0.19230769230769232,0.6666666666666666,-40.13215688519283,-144.9059599693793,1
6800601,34946956,Entire home/apt,,4,1,0.0,0.16666666666666666,0.25,0.19230769230769232,0.6666666666666666,-40.12856975416169,-144.90509000544697,1
1235974,2709332,Entire home/apt,,4,17,0.0,0.25,0.25,0.15076923076923077,0.6666666666666666,-40.13573583887359,-144.88091933694622,1
1718378,1740542,Entire home/apt,,4,35,0.0,0.25,0.25,0.16923076923076924,0.6666666666666666,-40.1291830554398,-144.90373490868657,1
8428250,34024330,Entire home/apt,,4,1,0.0,0.3333333333333333,0.25,0.1723076923076923,0.6666666666666666,-40.12182889166929,-144.90599476793662,1
5651547,12370863,Entire home/apt,,4,19,0.0,0.3333333333333333,0.25,0.19846153846153847,0.6666666666666666,-40.133917741306895,-144.90474201987405,1
9552265,16113256,Entire home/apt,,4,2,0.0,0.3333333333333333,0.25,0.26,0.5725666666666667,-40.12717960459795,-144.90363051301466,1
952205,2709332,Entire home/apt,,4,27,0.0,0.3333333333333333,0.5,0.25846153846153846,1.0,-40.13769295139665,-144.87998591682123,1
8271736,34024330,Entire home/apt,,4,1,0.0,0.3333333333333333,0.25,0.28,1.0,-40.1121251025577,-144.9310538231353,1
6818259,35637303,Entire home/apt,,4,2,0.0,0.4166666666666667,0.25,0.3,1.0,-40.138164511934946,-144.89835546112386,1
4076897,12370863,Entire home/apt,,4,27,0.0,0.3333333333333333,0.0,0.19846153846153847,1.0,-40.110906677351835,-144.9266794397862,1
6148653,29356299,Entire home/apt,,4,17,0.0,0.3333333333333333,0.0,0.19230769230769232,1.0,-40.118765111062146,-144.9072249992856,1
331910,1671879,Entire home/apt,,4,36,0.0,0.3333333333333333,0.0,0.2076923076923077,1.0,-40.118410759212566,-144.90889328306167,1
10551563,42705922,Entire home/apt,,4,1,0.0,0.16666666666666666,0.0,0.12307692307692308,1.0,-40.10599754134341,-144.9231115641767,1
521895,1671879,Entire home/apt,,4,21,0.0,0.16666666666666666,0.25,0.1523076923076923,1.0,-40.11768842659611,-144.91092388122846,1
1970520,5448114,Entire home/apt,,4,33,0.0,0.16666666666666666,0.25,0.14615384615384616,1.0,-40.10708512894328,-144.9331458305208,1
1001265,5448114,Entire home/apt,,4,60,0.0,0.16666666666666666,0.25,0.14615384615384616,1.0,-40.1055150776713,-144.9343617330521,1
1619618,513911,Entire home/apt,,4,15,0.0,0.16666666666666666,0.25,0.1676923076923077,1.0,-40.14217141361866,-144.89601986383735,1
6248353,32436063,Entire home/apt,,5,3,0.0,0.16666666666666666,0.25,0.13846153846153847,1.0,-40.064006847168145,-144.92190999046312,1
4867768,6503685,Entire home/apt,,5,8,0.0,0.25,0.25,0.13538461538461538,1.0,-40.07726233212591,-144.84440541547636,1
6593840,25445257,Entire home/apt,,4,4,0.0,0.3333333333333333,0.25,0.23846153846153847,1.3333333333333333,-40.14229134809082,-144.90056209905103,1
1416391,4668107,Entire home/apt,,4,7,0.0,0.4166666666666667,0.0,0.19846153846153847,1.3333333333333333,-40.09673260336862,-144.93621629145838,1
932996,5029415,Private room,,5,50,0.0,0.25,0.25,0.10615384615384615,1.0,-40.07782111773486,-144.84222538821064,1
1006988,3416690,Private room,,1,4,0.0,0.16666666666666666,0.25,0.12307692307692308,0.3333333333333333,-39.6849975604239,-145.58098647769208,1
6187808,31181927,Private room,,5,6,0.0,0.16666666666666666,0.25,0.07692307692307693,0.3333333333333333,-40.06270664845854,-144.82357745544965,1
9029688,12935418,Private room,,5,5,0.0,0.16666666666666666,0.25,0.08461538461538462,0.3333333333333333,-40.11624648714666,-144.90561812472825,1
6613434,33123363,Private room,,5,11,0.0,0.16666666666666666,0.25,0.10615384615384615,0.3333333333333333,-40.075501476011844,-144.94071758719286,1
7684483,33123363,Private room,,5,21,0.0,0.16666666666666666,0.25,0.09076923076923077,0.3333333333333333,-40.08006988908797,-144.94340526400026,1
323934,1649970,Private room,,6,36,0.0,0.16666666666666666,0.25,0.1,0.3333333333333333,-40.031019415755665,-144.91525527812442,1
8173272,43135198,Private room,,6,24,0.0,0.16666666666666666,0.25,0.06,0.3333333333333333,-39.98340815608936,-144.96086390489145,1
9592627,49649588,Private room,,4,3,0.0,0.16666666666666666,0.25,0.15384615384615385,0.3333333333333333,-40.13406220783018,-144.88168285823275,1
5318498,27552317,Shared room,,4,12,0.0,0.08333333333333333,0.25,0.07692307692307693,0.3333333333333333,-40.13634096280133,-144.89468523681646,1
10942344,23002591,Private room,,3,4,0.0,0.3333333333333333,0.25,0.2153846153846154,0.3333333333333333,-39.79156206472655,-144.7435223509107,1
1661603,8804372,Entire home/apt,,5,17,0.0,0.3333333333333333,0.5,0.2230769230769231,0.3333333333333333,-40.12093756047842,-144.86519652997177,1
3680726,4178827,Entire home/apt,,5,57,0.0,0.43625,0.5,0.19230769230769232,0.3333333333333333,-40.04212698334828,-144.8795376295243,1
1135704,3970342,Private room,,2,18,0.0,0.25,0.25,0.1523076923076923,0.6666666666666666,-38.977149757269075,-145.24978404424945,1
6541796,34212558,Entire home/apt,,2,14,0.0,0.3333333333333333,0.25,0.22923076923076924,1.0,-39.27576478669391,-145.03953934898246,1
737375,3496617,Private room,,2,14,0.0,0.3333333333333333,0.25,0.23846153846153847,1.0,-39.13076946141255,-145.3520406283412,1
9236181,1191923,Entire home/apt,,2,2,0.0,0.43625,0.5,0.3,1.3333333333333333,-39.200729419653534,-145.438942860771,1
8613230,43532519,Entire home/apt,,2,1,0.0,0.43625,0.75,0.5769230769230769,1.3333333333333333,-39.197930040041854,-145.09037594723924,1
3466462,16450594,Entire home/apt,,2,11,0.0,0.43625,0.75,0.45076923076923076,1.0,-39.24074664660499,-145.07528360824398,1
8119570,27194067,Entire home/apt,,6,5,0.0,0.43625,0.75,0.35384615384615387,1.3333333333333333,-39.916950829592295,-144.97352239185017,1
10308703,52989506,Entire home/apt,,1,1,0.0,0.43625,0.5,0.1523076923076923,1.3333333333333333,-39.84078971398363,-145.56502008081657,1
669834,2456676,Entire home/apt,,5,30,0.0,0.16666666666666666,0.0,0.1676923076923077,1.3333333333333333,-40.10134735476354,-144.91851610764013,1
7387363,30451500,Entire home/apt,,4,1,0.0,0.16666666666666666,0.0,0.0876923076923077,1.3333333333333333,-40.121864326854244,-144.90819321796792,1
7003169,36714186,Private room,,3,8,0.0,0.16666666666666666,0.25,0.13076923076923078,1.3333333333333333,-39.84059073179119,-144.7111842563159,1
763227,2415582,Entire home/apt,,4,4,0.0,0.16666666666666666,0.0,0.16923076923076924,2.0,-40.121144720021256,-144.90866197500438,1
2304670,7918836,Entire home/apt,,4,21,0.0,0.16666666666666666,0.0,0.18307692307692308,1.6666666666666667,-40.10554233550588,-144.9268616204685,1
488274,2415582,Entire home/apt,,1,3,0.0,0.16666666666666666,0.0,0.18461538461538463,2.0,-40.0684689546894,-145.47578020412627,1
4582947,7054805,Entire home/apt,,4,11,0.0,0.43625,0.25,0.3523076923076923,1.6666666666666667,-40.12367424707056,-144.92052828304122,1
5387397,27762880,Entire home/apt,,2,1,0.0,0.43625,1.0,0.6153846153846154,0.3333333333333333,-39.29773187558443,-145.5204267531329,1
6592900,8907432,Entire home/apt,,4,5,0.0,0.43625,0.5,0.7,0.3333333333333333,-40.1365781059622,-144.9053110786345,1
4539385,2078232,Private room,,2,3,0.0,0.25,0.25,0.15076923076923077,3.0,-39.03530162156868,-145.32855160216855,1
10212821,52353356,Entire home/apt,,2,1,0.0,0.16666666666666666,0.25,0.17692307692307693,2.3333333333333335,-39.2944909190525,-145.54712338749835,1
570414,676697,Entire home/apt,,4,4,0.0,0.4166666666666667,0.5,0.22,2.3333333333333335,-40.128381675103064,-144.89859291010302,1
620602,90563,Entire home/apt,,2,1,0.0,0.43625,1.0,1.8461538461538463,2.3333333333333335,-39.09354343672239,-145.38306047170676,1
4614945,23907993,Entire home/apt,,3,1,0.0,0.43625,1.0,0.7692307692307693,1.6666666666666667,-39.76484120948473,-144.78417525372447,1
2212024,11284178,Entire home/apt,,3,2,0.0,0.43625,1.25,1.1892307692307693,2.0,-39.817996712705245,-144.68584067173703,1
9116321,1191923,Entire home/apt,,4,1,0.0,0.43625,1.0,1.2230769230769232,1.3333333333333333,-40.11998898783492,-144.73471217499377,1
10347659,25846886,Entire home/apt,,2,1,0.0,0.43625,1.0,1.5384615384615385,0.5725666666666667,-39.12147726560316,-145.10662482652097,1
1804354,3644514,Private room,,6,5,1.0,0.25,0.25,0.10461538461538461,4.666666666666667,-39.99534708763676,-144.94937014611506,1
7514,18894,Entire home/apt,,4,1,1.0,0.16666666666666666,0.25,0.17692307692307693,4.666666666666667,-40.120479628857424,-144.90457621498342,1
9328871,16154684,Entire home/apt,,4,8,1.0,0.3333333333333333,0.25,0.19846153846153847,3.6666666666666665,-40.113738766365024,-144.9118716301712,1
710538,3644514,Private room,,6,17,1.0,0.16666666666666666,0.25,0.08923076923076922,4.0,-39.989685635393855,-144.95078665209422,1
7595932,6122400,Entire home/apt,,4,3,0.5,0.3333333333333333,0.25,0.1523076923076923,4.666666666666667,-40.11854159681857,-144.90583101001997,1
5293903,26646128,Entire home/apt,,4,32,0.5,0.3333333333333333,0.25,0.25384615384615383,4.666666666666667,-40.120555950794255,-144.9094500599784,1
6676900,10496350,Entire home/apt,,4,1,1.0,0.43625,1.25,1.6153846153846154,4.666666666666667,-40.14280106959753,-144.81776814335572,1
221721,1101853,Entire home/apt,,2,8,1.0,0.43625,1.0,2.6,0.6666666666666666,-39.17352337495614,-145.1050056701199,1
3906186,16697177,Entire home/apt,,1,3,1.0,0.43625,1.25,3.076923076923077,1.0,-39.75896714613207,-145.62574151631847,1
3831359,461037,Entire home/apt,,3,1,1.0,0.43625,2.25,2.7153846153846155,1.6666666666666667,-39.742432543673964,-144.83677429655947,1
963659,461037,Entire home/apt,,2,1,1.0,0.43625,1.5,4.469230769230769,1.0,-39.237740107450485,-145.0691672500563,1
8861949,10496350,Entire home/apt,,4,1,1.0,0.43625,1.5,4.615384615384615,0.3333333333333333,-40.16292825465369,-144.67033484400216,1
3192644,461037,Entire home/apt,,2,1,-2.0,0.43625,0.75,0.5538461538461539,1.3333333333333333,-39.24450005042709,-145.05559990666004,1
6006341,22303377,Entire home/apt,,2,1,-2.0,0.43625,0.5,0.2692307692307692,1.0,-39.209274750795345,-145.0879195784892,1
11392857,5357368,Private room,,4,1,-2.0,0.25,0.25,0.09076923076923077,0.3333333333333333,-40.131063846026045,-144.901151627551,1
10285035,37686409,Entire home/apt,,4,4,-1.5,0.3333333333333333,0.25,0.26,0.3333333333333333,-40.109647365394096,-144.932988213526,1
10267501,52578231,Entire home/apt,,4,2,-1.5,0.43625,0.5,0.28923076923076924,0.3333333333333333,-40.12736768365657,-144.8980975424051,1
8408088,30980785,Entire home/apt,,4,2,-1.0,0.43625,0.75,1.3846153846153846,2.3333333333333335,-40.131739840323704,-144.77742842755757,1
9970955,34884725,Shared room,,4,1,-3.0,0.08333333333333333,0.25,0.10461538461538461,0.3333333333333333,-40.149075823118565,-144.8761744513107,1
966304,5270727,Entire home/apt,,4,23,1.0,0.16666666666666666,0.25,0.2846153846153846,9.333333333333334,-40.10251126430023,-144.92625776315077,2
9094607,31824852,Entire home/apt,,4,11,1.0,0.43625,0.5,0.3446153846153846,10.0,-40.084512916125014,-144.8074800522408,2
6980044,36600348,Entire home/apt,,4,12,1.0,0.3333333333333333,0.25,0.2,10.0,-40.112577582611785,-144.9129790430827,2
7604060,39880354,Entire home/apt,,4,13,1.0,0.16666666666666666,0.25,0.17692307692307693,10.0,-40.11892865806965,-144.9158693703119,2
4605710,6034529,Entire home/apt,,5,21,1.0,0.16666666666666666,0.25,0.2153846153846154,10.0,-40.076430968171124,-144.93215714209887,2
104447,71120,Entire home/apt,,5,9,1.0,0.16666666666666666,0.0,0.19230769230769232,10.0,-40.090555978052095,-144.92910100997898,2
4060493,11206419,Private room,,3,19,1.0,0.16666666666666666,0.25,0.25384615384615383,10.0,-39.81315844706674,-144.69148213196632,2
3656768,5402892,Private room,,3,32,1.0,0.3333333333333333,0.25,0.13076923076923078,10.0,-39.7586972935697,-144.8905892419257,2
9920634,51001161,Entire home/apt,,1,1,1.0,0.43625,1.0,0.45384615384615384,10.0,-39.88578694731343,-145.43257881873433,2
1013761,2700224,Entire home/apt,,4,16,1.0,0.16666666666666666,0.25,0.13846153846153847,8.333333333333334,-40.1181272777329,-144.91334135747326,2
746075,3913149,Entire home/apt,,5,19,0.5,0.16666666666666666,0.25,0.15076923076923077,9.333333333333334,-40.10143185405075,-144.87442633555023,2
5318236,5856233,Private room,,7,2,0.5,0.16666666666666666,0.25,0.07538461538461538,9.0,-40.01173722357158,-144.9685707618448,2
5422194,6929255,Entire home/apt,,2,10,0.5,0.43625,0.5,0.32153846153846155,10.0,-39.30152344037495,-145.54829016265458,2
5840513,30325137,Entire home/apt,,1,1,0.0,0.25,0.25,0.14923076923076922,10.0,-39.5823854421358,-145.7191121864568,2
8529755,37257332,Entire home/apt,,4,1,1.0,0.43625,0.75,2.629230769230769,10.0,-40.187304936121365,-144.85667907133086,2
609772,676697,Entire home/apt,,4,3,-1.0,0.4166666666666667,0.5,0.2153846153846154,10.0,-40.12667806044162,-144.90424051125424,2
861102,676697,Entire home/apt,,4,2,-2.5,0.3333333333333333,0.5,0.2,10.0,-40.129313893045804,-144.9033930640355,2
6811731,9972944,Private room,,4,3,1.0,0.16666666666666666,0.25,0.13076923076923078,30.0,-40.13744217931849,-144.89139984361321,3
4868756,3913149,Entire home/apt,,5,5,0.5,0.16666666666666666,0.0,0.15076923076923077,20.0,-40.10096029351246,-144.87671075848777,4
