room_id,host_id,room_type,borough,neighborhood,reviews,overall_satisfaction,accommodates,bedrooms,price,minstay,latitude,longitude,last_modified
9070008,43532519,Entire home/apt,,2,3,5,,4,499,3,21.557985,-157.858279,05:37.5
8012810,806147,Entire home/apt,,4,0,,4,0,200,2,21.28499,-157.837718,05:24.2
7131499,29299960,Entire home/apt,,4,0,,2,0,165,1,21.285565,-157.830517,05:22.0
10057872,34884725,Shared room,,4,1,5,1,1,68,1,21.290922,-157.693209,05:17.3
2496300,12370863,Entire home/apt,,4,55,4.5,2,0,99,2,21.275409,-157.823681,05:13.7
9190278,35495094,Private room,,1,2,5,1,1,72,1,21.310029,-158.022529,05:09.9
10225446,41213498,Entire home/apt,,5,10,5,2,0,89,2,21.313129,-157.808379,05:05.9
1629131,8658747,Private room,,2,23,5,2,1,150,3,21.667158,-158.045818,04:55.3
2537355,12992020,Entire home/apt,,4,14,4.5,4,0,175,3,21.278339,-157.82445,04:49.1
9478604,34010242,Entire home/apt,,5,0,,,3,295,3,21.288943,-157.798216,04:46.7
3934249,20384814,Private room,,4,35,5,2,1,99,3,21.272512,-157.821756,04:42.8
1163638,6372673,Entire home/apt,,2,5,3.5,4,2,215,3,21.456412,-157.83224,04:37.7
4403526,15274083,Entire home/apt,,4,0,,2,0,135,7,21.283543,-157.831233,04:32.1
5078489,2059676,Entire home/apt,,3,21,5,2,1,295,4,21.415425,-157.745856,04:20.2
6665566,33380091,Entire home/apt,,4,0,,2,1,210,1,21.275688,-157.820857,04:13.4
9958241,34884725,Shared room,,4,3,5,2,1,68,1,21.270776,-157.810418,04:00.9
6540566,22814906,Private room,,4,0,,2,1,250,3,21.281345,-157.735856,03:51.8
1098226,4350586,Entire home/apt,,4,86,4,3,1,110,1,21.275441,-157.813422,50:58.3
669834,2456676,Entire home/apt,,5,30,4,2,0,109,4,21.287865,-157.831446,50:55.3
8509216,3314241,Private room,,5,2,5,2,1,65,2,21.286585,-157.801589,50:42.5
9526671,19991070,Entire home/apt,,4,13,5,4,1,124,2,21.280371,-157.826064,50:34.5
7973172,42075860,Private room,,4,15,4.5,3,1,89,2,21.292781,-157.790316,50:28.6
7251335,4394268,Entire home/apt,,2,21,5,,2,195,1,21.648096,-157.917479,50:25.1
10553323,54430841,Entire home/apt,,4,4,4.5,4,0,92,1,21.280235,-157.827316,50:21.5
6436751,4924583,Entire home/apt,,5,21,4.5,2,1,130,2,21.283011,-157.826002,50:14.4
6116855,25647587,Entire home/apt,,4,40,4.5,2,0,120,1,21.272569,-157.82202,50:06.4
8160722,43073326,Private room,,4,2,5,2,1,119,1,21.287418,-157.837637,50:03.9
952205,2709332,Entire home/apt,,4,27,4,4,2,168,3,21.274531,-157.812623,50:00.2
8034354,706371,Entire home/apt,,4,0,,4,1,199,3,21.289227,-157.840111,49:49.6
4277251,22204814,Entire home/apt,,1,11,5,3,1,135,7,21.458643,-158.201978,49:45.2
4068204,7181802,Entire home/apt,,2,44,5,3,2,130,3,21.577483,-157.892732,49:42.9
1006988,3416690,Private room,,1,4,4,2,1,80,1,21.44061,-158.15508,49:26.6
5957976,8900546,Entire home/apt,,4,29,4.5,3,0,120,2,21.28623,-157.833264,49:22.2
6953063,36382633,Entire home/apt,,4,15,4,4,0,119,2,21.277412,-157.823077,49:16.6
5387397,27762880,Entire home/apt,,2,1,4,,4,400,1,21.582685,-158.125495,49:12.6
7970930,42060615,Entire home/apt,,1,0,,2,0,189,7,21.33087,-158.120067,49:06.8
3441926,6152329,Entire home/apt,,4,2,5,2,2,375,5,21.284716,-157.837957,49:03.6
9152937,1191923,Entire home/apt,,2,0,,,4,525,4,21.662994,-157.933053,48:59.7
3586725,2759082,Entire home/apt,,4,71,4.5,2,0,188,3,21.287451,-157.8382,48:55.6
2263918,4519627,Entire home/apt,,2,0,,2,1,230,4,21.646563,-158.039008,48:50.4
6824061,35744520,Entire home/apt,,2,31,4.5,2,1,60,3,21.555648,-158.11735,48:47.3
9846703,47589163,Private room,,1,5,4.5,1,1,55,1,21.356471,-158.093542,48:43.9
5221625,12518090,Entire home/apt,,2,8,4.5,,4,225,1,21.64674,-157.919878,48:40.1
620602,90563,Entire home/apt,,2,1,4,,4,1200,7,21.657595,-158.058388,48:33.1
8416947,21088887,Entire home/apt,,4,9,4,2,0,89,1,21.276674,-157.82261,48:26.0
9611019,49363174,Entire home/apt,,4,3,4.5,,3,375,1,21.301258,-157.701585,48:19.1
8240317,17619881,Entire home/apt,,2,2,3.5,4,1,105,2,21.652376,-157.928958,48:14.0
3458562,10496350,Entire home/apt,,4,0,,,3,1200,14,21.29542,-157.682926,48:04.2
6665553,33380091,Entire home/apt,,4,0,,6,1,150,,21.275751,-157.821694,48:01.9
8271736,34024330,Entire home/apt,,4,1,4,4,1,182,3,21.283911,-157.837571,47:54.7
9735286,50014565,Private room,,1,8,5,2,1,79,1,21.473626,-158.216428,47:50.7
8764703,14596681,Entire home/apt,,4,2,5,5,3,295,3,21.269605,-157.8104,47:46.6
5524662,28650556,Private room,,3,51,5,2,1,80,2,21.385454,-157.726832,47:43.5
4980012,2349948,Entire home/apt,,4,38,4.5,2,0,95,2,21.274721,-157.823747,47:35.4
8781258,46027356,Entire home/apt,,5,3,5,,3,350,4,21.307251,-157.819256,47:20.2
10454392,53179620,Private room,,4,8,5,2,1,70,1,21.286561,-157.833614,47:17.5
1857322,9692531,Entire home/apt,,4,30,4.5,2,1,170,3,21.276337,-157.822616,47:09.9
6705819,34946956,Entire home/apt,,4,4,4.5,2,1,130,2,21.277926,-157.824562,46:57.1
4539385,2078232,Private room,,2,3,4,3,1,98,9,21.678962,-158.031759,46:49.9
3220017,2349948,Entire home/apt,,4,29,4,2,0,99,2,21.277087,-157.823403,46:40.3
11189242,29757618,Entire home/apt,,4,2,4.5,4,1,135,5,21.279367,-157.825047,46:35.0
7027182,36839537,Entire home/apt,,4,13,4.5,4,1,135,4,21.277914,-157.822717,46:30.8
9451168,48973927,Entire home/apt,,5,7,4.5,3,1,100,1,21.309359,-157.81471,46:23.0
4779337,12518090,Entire home/apt,,2,30,4.5,,2,135,1,21.647345,-157.919186,46:18.8
8675207,26591491,Entire home/apt,,4,0,,2,0,145,3,21.280621,-157.825205,46:16.7
7160805,7338403,Entire home/apt,,2,11,4.5,4,1,129,1,21.554521,-157.851673,46:10.2
6665580,33380091,Entire home/apt,,4,0,,5,1,190,1,21.275117,-157.820828,46:07.3
6809674,17879548,Private room,,4,3,5,2,1,60,1,21.283327,-157.693161,46:04.3
7663946,8279,Entire home/apt,,2,14,5,2,0,85,1,21.565167,-158.108725,45:53.0
1019189,5610952,Entire home/apt,,3,15,5,2,1,125,4,21.428411,-157.740845,45:49.0
6014654,17309258,Entire home/apt,,4,17,4,2,0,95,1,21.286023,-157.832533,45:33.8
288161,1205120,Private room,,4,36,5,2,1,95,1,21.289262,-157.710171,45:30.5
7787243,40892664,Entire home/apt,,4,3,4.5,4,2,450,1,21.284805,-157.839292,45:28.3
7901306,3834620,Private room,,2,28,5,5,1,85,1,21.593278,-158.098363,45:22.2
6625757,34144484,Entire home/apt,,4,4,4.5,2,0,125,4,21.276681,-157.824358,45:07.9
966304,5270727,Entire home/apt,,4,23,5,2,1,185,28,21.287438,-157.835228,45:05.2
4076897,12370863,Entire home/apt,,4,27,4,4,0,129,3,21.284358,-157.835434,44:50.3
11166742,58092262,Entire home/apt,,4,1,5,5,2,200,5,21.286185,-157.83554,44:42.4
606643,3005385,Entire home/apt,,2,3,4.5,2,1,125,3,21.593757,-158.102927,44:39.8
6170987,32017606,Entire home/apt,,1,0,,,2,400,7,21.336202,-158.122464,44:36.0
221721,1101853,Entire home/apt,,2,8,5,,4,1690,2,21.628253,-157.922551,44:26.4
5031193,25568974,Entire home/apt,,5,28,4.5,3,0,135,1,21.305458,-157.84858,44:15.6
9737230,49108425,Entire home/apt,,2,13,5,2,1,129,2,21.582093,-158.138706,44:13.1
5511136,4719183,Shared room,,4,9,4.5,1,1,28,1,21.283926,-157.828719,44:07.8
1768152,1671879,Entire home/apt,,4,43,4.5,4,0,115,3,21.280559,-157.826356,44:01.8
631771,1298922,Entire home/apt,,3,14,4.5,,4,400,7,21.399308,-157.745381,43:39.2
1804354,3644514,Private room,,6,5,5,3,1,68,14,21.326753,-157.846519,43:35.9
5830051,8885340,Private room,,4,27,4.5,3,1,80,2,21.270352,-157.795806,43:28.3
7988787,2854578,Entire home/apt,,4,3,5,2,0,145,1,21.279067,-157.828049,43:23.7
2824380,10496350,Entire home/apt,,3,0,,,4,1545,14,21.417104,-157.746126,43:12.1
5681751,5454711,Private room,,3,8,5,2,1,80,1,21.358705,-157.765668,43:09.9
9077172,1191923,Entire home/apt,,2,2,5,,3,395,4,21.578834,-158.159481,43:01.5
2432430,12433522,Entire home/apt,,4,26,5,3,0,159,3,21.284724,-157.83131,42:56.6
4855269,24975305,Entire home/apt,,4,29,5,2,0,240,3,21.282728,-157.757722,42:46.8
6132037,9692531,Entire home/apt,,4,13,4.5,4,1,175,3,21.280037,-157.709275,42:43.7
4006905,20316135,Entire home/apt,,4,21,5,,1,194,1,21.274337,-157.822042,42:24.7
3831359,461037,Entire home/apt,,3,1,5,,9,1765,5,21.419539,-157.791513,42:19.3
6541796,34212558,Entire home/apt,,2,14,4,4,1,149,3,21.590744,-157.890569,42:15.4
10394638,8058149,Entire home/apt,,4,3,4.5,3,1,95,2,21.283109,-157.829001,42:12.8
1038689,5256548,Entire home/apt,,4,50,5,4,1,149,3,21.280534,-157.826744,42:04.8
7696075,26521212,Entire home/apt,,4,0,,4,1,179,7,21.278306,-157.831612,42:00.4
7959998,740644,Entire home/apt,,4,27,5,2,0,130,1,21.286157,-157.833639,41:56.7
1369898,7429201,Entire home/apt,,2,17,5,,3,396,3,21.666894,-158.049691,41:50.6
6941077,34149865,Private room,,4,32,5,2,1,69,1,21.267916,-157.790279,41:36.2
9578737,25445257,Entire home/apt,,4,0,,4,1,157,1,21.274736,-157.821604,41:34.1
2866860,9337324,Entire home/apt,,4,36,4.5,3,0,95,2,21.285069,-157.831025,41:26.1
9140993,47435444,Entire home/apt,,2,0,,,2,270,3,21.69997,-158.00587,41:20.8
11076145,9992408,Private room,,6,1,5,3,1,70,2,21.306431,-157.846433,41:18.4
8849269,33518620,Entire home/apt,,4,0,,4,0,129,1,21.280711,-157.824742,41:16.3
10179196,52129182,Entire home/apt,,3,0,,,3,580,7,21.418795,-157.745798,41:13.0
1500164,8016823,Entire home/apt,,4,28,5,4,1,150,7,21.275614,-157.821797,41:07.5
4209885,12304286,Private room,,6,29,4.5,2,1,75,3,21.331515,-157.851558,41:00.9
4498912,22942005,Private room,,4,17,4.5,2,1,59,1,21.276969,-157.793173,40:46.3
10995328,56263438,Private room,,1,0,,2,1,250,1,21.316418,-158.02311,40:42.6
9885244,50150452,Entire home/apt,,3,2,5,2,0,125,4,21.335868,-157.699871,40:29.1
6927549,28577918,Entire home/apt,,4,23,5,2,0,120,3,21.301134,-157.701891,40:14.5
8486945,10306818,Private room,,2,15,5,2,1,75,3,21.576662,-158.105119,40:11.6
6187808,31181927,Private room,,5,6,4,2,1,50,1,21.302041,-157.785066,40:06.2
934944,3913149,Entire home/apt,,5,28,4.5,2,1,98,6,21.287831,-157.811708,39:59.2
4339895,13526139,Entire home/apt,,4,17,5,,4,495,3,21.285472,-157.708838,39:56.2
5640015,29228087,Private room,,7,23,4.5,2,1,80,1,21.318996,-157.889861,39:53.6
9094607,31824852,Entire home/apt,,4,11,5,,2,224,30,21.294041,-157.777202,39:40.5
6665511,33380091,Entire home/apt,,4,0,,2,1,190,1,21.273708,-157.820702,39:37.6
7595932,6122400,Entire home/apt,,4,3,4.5,4,1,99,14,21.281557,-157.825249,39:34.1
10680453,33694619,Private room,,5,1,3,2,1,65,3,21.291836,-157.835762,39:28.6
6592900,8907432,Entire home/apt,,4,5,4,,2,455,1,21.27494,-157.824995,39:26.3
5353465,22822247,Entire home/apt,,4,0,,2,1,180,1,21.283819,-157.829182,39:19.5
6480645,461037,Entire home/apt,,1,0,,,2,615,7,21.335018,-158.121111,39:07.1
9708475,50121521,Entire home/apt,,3,2,5,3,1,130,1,21.409588,-157.770477,38:55.8
10521855,1191923,Entire home/apt,,2,0,,,3,395,4,21.63533,-158.068778,38:49.2
563050,2602532,Private room,,3,59,5,2,1,119,3,21.367063,-157.733838,38:36.4
939666,5076896,Entire home/apt,,3,84,4.5,4,2,165,4,21.408738,-157.746651,38:26.2
6211767,32208943,Private room,,6,0,,1,1,50,10,21.316219,-157.834587,38:21.8
994861,971399,Entire home/apt,,5,26,5,5,2,169,1,21.285801,-157.819967,38:19.8
7596788,34221602,Entire home/apt,,3,12,5,2,1,99,2,21.399227,-157.742951,38:17.2
6006340,31181046,Private room,,2,33,5,2,1,80,3,21.656282,-158.054913,38:14.0
5718983,29164377,Entire home/apt,,4,0,,,3,1852,7,21.258003,-157.815699,38:11.7
484879,2178105,Entire home/apt,,2,81,4.5,3,1,140,1,21.680863,-158.031497,38:05.7
8444796,12935418,Entire home/apt,,4,17,4.5,2,1,119,1,21.281723,-157.825568,38:02.0
11057790,21188279,Private room,,6,2,5,2,1,90,2,21.322912,-157.842766,37:51.3
3425134,17264457,Entire home/apt,,3,2,5,,3,400,5,21.400628,-157.743682,37:48.7
8388203,43956001,Entire home/apt,,4,11,5,4,0,129,2,21.284634,-157.835662,37:45.8
1684552,4582631,Entire home/apt,,2,26,4.5,4,2,175,3,21.677694,-158.03342,37:35.9
3850056,1201408,Entire home/apt,,2,13,5,,3,285,5,21.555296,-157.854598,37:19.3
9328871,16154684,Entire home/apt,,4,8,5,4,1,129,11,21.283319,-157.8282,37:04.0
9478626,34010242,Entire home/apt,,5,4,5,2,0,109,2,21.288482,-157.832416,36:47.8
771663,1172448,Private room,,3,113,4.5,2,1,75,1,21.409654,-157.749696,36:44.8
3406684,15652222,Entire home/apt,,1,7,5,,3,400,6,21.336327,-158.121813,36:40.6
4614945,23907993,Entire home/apt,,3,1,4,,4,500,5,21.411318,-157.765817,36:34.2
11167753,58048038,Entire home/apt,,4,0,,2,2,120,3,21.286751,-157.788929,36:31.9
8690103,35744520,Entire home/apt,,2,24,4.5,3,0,60,3,21.551246,-158.115722,36:29.7
342120,1735929,Private room,,1,114,4.5,2,1,45,1,21.41048,-158.160123,36:22.8
4503299,23354551,Entire home/apt,,3,55,5,3,1,135,2,21.420155,-157.74759,36:15.3
6630454,33380091,Entire home/apt,,4,0,,6,1,190,1,21.274212,-157.821071,36:11.7
7179690,10303849,Entire home/apt,,5,19,4.5,3,1,89,3,21.304634,-157.822572,36:06.2
4681923,2384634,Entire home/apt,,4,15,5,4,1,135,1,21.280343,-157.827999,36:02.7
9742026,21661619,Entire home/apt,,5,0,,,3,600,5,21.293755,-157.807734,35:53.8
9485885,25846886,Entire home/apt,,2,1,5,,5,1059,,21.649101,-157.922918,35:48.8
255644,1343892,Private room,,2,7,4.5,3,1,188,3,21.679198,-158.032121,35:27.6
1664552,8799028,Entire home/apt,,4,78,4.5,4,1,135,1,21.281292,-157.827988,35:24.4
9430295,27960455,Entire home/apt,,5,1,,2,1,145,3,21.30044,-157.800611,35:20.9
2626933,13453986,Entire home/apt,,2,1,5,,3,275,1,21.653801,-158.056775,35:18.6
8360054,44064655,Shared room,,5,7,5,1,1,48,2,21.295647,-157.838352,35:12.6
9716139,49363174,Private room,,4,0,,2,1,109,1,21.301796,-157.701522,35:09.2
10577090,34024330,Entire home/apt,,4,1,5,2,0,103,2,21.278465,-157.823242,35:05.9
7198784,5746903,Private room,,4,12,4.5,1,1,57,3,21.268976,-157.788224,34:56.9
5840513,30325137,Entire home/apt,,1,1,4,3,1,97,30,21.478255,-158.222558,34:50.1
521895,1671879,Entire home/apt,,4,21,4,2,1,99,3,21.28187,-157.827737,34:42.2
9653461,49903884,Entire home/apt,,2,3,4.5,,2,249,1,21.671371,-158.0371,34:22.6
7051883,36760663,Entire home/apt,,6,10,5,,2,195,1,21.308434,-157.826443,34:20.0
9029688,12935418,Private room,,5,5,4,2,1,55,1,21.282399,-157.825145,34:13.1
4758528,2872572,Entire home/apt,,1,2,5,,3,575,6,21.335688,-158.12201,34:09.4
10248444,52676905,Entire home/apt,,4,6,5,3,0,160,2,21.272515,-157.821079,34:06.9
196129,949424,Entire home/apt,,4,10,4.5,5,1,125,,21.281341,-157.825309,33:54.6
1373228,7442275,Entire home/apt,,4,5,5,,3,650,1,21.29605,-157.691908,33:48.3
6587827,6551239,Entire home/apt,,2,20,5,4,1,121,3,21.603919,-157.900023,33:46.0
5390995,27944927,Entire home/apt,,4,0,,4,1,117,6,21.281861,-157.827649,33:42.2
4857597,22267033,Entire home/apt,,4,6,4.5,4,0,229,6,21.281751,-157.831071,33:40.0
4404744,10496350,Entire home/apt,,5,0,,,2,500,8,21.291266,-157.848207,33:31.9
9514747,45388803,Entire home/apt,,4,1,5,3,1,145,1,21.281302,-157.826611,33:16.5
8286089,3928131,Private room,,7,26,4.5,2,1,50,1,21.346015,-157.904415,33:08.8
1018955,4242548,Entire home/apt,,2,83,4.5,2,1,85,3,21.650582,-158.060292,33:05.7
7717434,34480813,Private room,,4,20,4.5,3,1,85,1,21.271398,-157.779975,33:02.4
9132775,13324117,Private room,,5,6,5,1,1,50,2,21.281857,-157.817383,32:51.1
10568471,54511702,Entire home/apt,,3,0,,4,2,175,30,21.387096,-157.713424,32:38.9
5115728,770461,Entire home/apt,,2,13,4.5,2,1,85,1,21.661608,-158.05247,32:33.1
1013761,2700224,Entire home/apt,,4,16,5,2,1,90,25,21.281709,-157.828918,32:29.9
3192644,461037,Entire home/apt,,2,1,2,,3,360,4,21.602214,-157.898415,32:19.3
3093258,9165402,Entire home/apt,,1,8,5,3,0,125,10,21.479601,-158.223895,32:08.1
6811731,9972944,Private room,,4,3,5,2,1,85,90,21.274623,-157.818199,32:01.3
10272035,26088078,Entire home/apt,,6,9,4.5,3,2,115,2,21.30664,-157.847883,31:50.7
10285035,37686409,Entire home/apt,,4,4,2.5,4,1,169,1,21.28482,-157.838516,31:48.0
6992581,36178292,Entire home/apt,,4,0,,5,1,145,3,21.273993,-157.822198,31:44.6
519979,958466,Entire home/apt,,2,1,5,,4,295,7,21.651223,-158.05405,31:38.7
6750341,34946956,Entire home/apt,,4,1,4,2,1,120,2,21.276941,-157.824634,31:32.8
1014157,361961,Entire home/apt,,1,32,5,4,1,135,7,21.458306,-158.201616,31:30.4
4765796,12622337,Entire home/apt,,4,18,4.5,3,1,142,2,21.273977,-157.821522,31:27.0
6704906,34946956,Entire home/apt,,4,4,4,2,1,125,2,21.276562,-157.825312,31:23.0
10863045,46105904,Entire home/apt,,4,0,,,5,3500,6,21.258159,-157.799253,31:18.7
4501654,6152329,Entire home/apt,,4,0,,,3,2600,5,21.279987,-157.83177,31:15.9
279191,1456277,Private room,,5,43,5,1,1,59,7,21.298334,-157.791634,31:13.3
2011032,9976338,Entire home/apt,,2,48,4.5,5,2,150,1,21.621632,-157.916457,31:10.0
8137288,42803266,Private room,,4,30,4.5,2,1,76,1,21.273754,-157.809411,31:07.7
5143849,25846886,Entire home/apt,,2,0,,,3,239,1,21.595986,-157.896342,31:01.0
7003169,36714186,Private room,,3,8,4,2,1,85,4,21.383528,-157.730159,30:59.2
7475910,26482762,Entire home/apt,,4,1,,2,1,119,2,21.285219,-157.830464,30:56.2
197959,965391,Entire home/apt,,4,57,4.5,4,0,145,4,21.288465,-157.841101,30:50.6
1352148,7338403,Entire home/apt,,2,39,4.5,,3,199,3,21.553221,-157.851558,30:38.4
2857689,1457947,Entire home/apt,,1,1,,2,1,139,10,21.461982,-158.212044,30:32.4
229954,1201408,Entire home/apt,,2,16,5,,3,499,5,21.606768,-157.90846,30:27.9
1578534,8390288,Entire home/apt,,2,15,5,4,0,130,3,21.650679,-158.051225,30:23.6
7828257,21302839,Entire home/apt,,4,18,5,4,1,180,1,21.275775,-157.820974,30:14.4
5673582,29417584,Private room,,3,4,4.5,2,1,103,2,21.394068,-157.733337,30:04.6
4758288,9797360,Entire home/apt,,4,14,5,,2,215,3,21.278043,-157.822727,30:01.6
1661603,8804372,Entire home/apt,,5,17,4,4,2,145,1,21.280678,-157.805398,29:55.1
23639,93320,Entire home/apt,,2,7,5,,3,435,5,21.639555,-158.062341,29:44.1
1129061,6194110,Entire home/apt,,4,18,4.5,3,0,135,2,21.285717,-157.838569,29:38.8
11090066,55024463,Entire home/apt,,4,0,,5,2,239,1,21.2891,-157.756603,29:26.3
2710849,13874456,Entire home/apt,,2,61,4.5,2,0,100,2,21.681467,-158.028587,29:19.0
8685215,26591491,Entire home/apt,,4,0,,2,0,145,3,21.282421,-157.826416,29:15.5
6562300,26932991,Entire home/apt,,4,52,5,2,0,119,1,21.280475,-157.826139,29:13.0
6613434,33123363,Private room,,5,11,4,2,1,69,1,21.297347,-157.842292,29:07.6
8798680,29653793,Private room,,4,29,5,2,1,98,2,21.27716,-157.810012,26:27.7
9095685,1191923,Entire home/apt,,2,0,,,5,795,4,21.61669,-158.088306,26:24.6
3882386,20072780,Entire home/apt,,4,12,4.5,4,1,140,7,21.280435,-157.826071,26:16.8
9776164,5002956,Private room,,4,1,5,1,1,69,1,21.296731,-157.704887,26:11.6
2326602,5424310,Entire home/apt,,8,54,5,3,1,108,3,21.390361,-157.941619,26:07.9
6556134,34288091,Entire home/apt,,1,2,5,,6,620,3,21.469203,-158.209228,26:02.7
6800601,34946956,Entire home/apt,,4,1,4,2,1,125,2,21.277878,-157.824887,25:57.8
10255334,52640172,Private room,,4,1,5,2,1,128,1,21.272619,-157.810899,25:44.2
10347659,25846886,Entire home/apt,,2,1,4,,4,1000,,21.647347,-157.923342,25:42.7
789456,4049989,Entire home/apt,,4,1,5,1,1,165,3,21.283609,-157.837713,25:37.2
2619024,13412580,Entire home/apt,,4,11,5,5,2,249,3,21.277054,-157.823222,25:29.3
6676900,10496350,Entire home/apt,,4,1,5,,5,1050,14,21.272657,-157.782228,25:25.5
1832582,8031844,Entire home/apt,,4,110,4.5,2,0,104,3,21.279265,-157.82447,25:19.7
8018220,36232034,Entire home/apt,,3,31,5,3,1,175,1,21.392537,-157.71784,25:11.9
9075693,31115693,Private room,,3,2,4.5,2,1,80,1,21.400263,-157.785526,24:51.1
673327,1866267,Entire home/apt,,2,3,5,4,1,359,2,21.638965,-157.919416,24:48.6
6095863,25809048,Entire home/apt,,4,35,5,4,0,96,1,21.286204,-157.831854,24:35.0
4258376,1740542,Entire home/apt,,4,33,4,2,0,109,2,21.280568,-157.824378,24:33.1
6942861,36406422,Entire home/apt,,2,9,5,5,0,99,3,21.646042,-158.051032,24:18.6
7899218,41649428,Private room,,4,1,,2,1,95,1,21.284445,-157.70298,24:09.1
10679319,45388803,Entire home/apt,,4,0,,2,0,89,1,21.287436,-157.832153,24:01.2
1346576,7054805,Entire home/apt,,4,13,4.5,4,0,209,2,21.290334,-157.847549,23:59.1
4863016,10212153,Entire home/apt,,3,7,5,2,1,195,2,21.399505,-157.750468,23:51.9
295520,1456277,Private room,,5,36,5,2,1,69,7,21.299745,-157.791983,23:46.5
1975815,7442275,Entire home/apt,,4,2,,,2,389,2,21.291085,-157.839855,23:43.3
6248353,32436063,Entire home/apt,,5,3,4,2,1,90,3,21.301564,-157.833104,23:41.4
946049,5126451,Entire home/apt,,2,79,4.5,2,1,147,3,21.626055,-158.075723,23:37.6
2236758,11346500,Entire home/apt,,1,1,5,4,1,215,5,21.463089,-158.21197,23:22.4
331910,1671879,Entire home/apt,,4,36,4,4,0,135,3,21.281605,-157.826745,23:07.8
178607,706371,Entire home/apt,,4,9,4.5,4,,149,3,21.290923,-157.840697,22:57.0
2441489,706371,Entire home/apt,,4,2,4.5,4,0,150,3,21.291231,-157.840534,22:51.0
7460571,26333323,Entire home/apt,,5,6,4.5,,2,230,5,21.286954,-157.823211,22:47.5
1949136,10065007,Private room,,4,1,5,2,1,100,1,21.258386,-157.817491,22:31.6
10999124,11763720,Entire home/apt,,4,3,4.5,2,0,80,1,21.276539,-157.824042,22:25.0
10578580,308899,Entire home/apt,,4,4,5,2,0,103,3,21.295606,-157.785775,22:22.1
8473997,43793840,Entire home/apt,,4,11,4.5,4,0,105,1,21.276309,-157.824544,22:11.8
8427787,42536781,Entire home/apt,,4,7,4.5,,3,325,3,21.288462,-157.791468,22:09.1
6818259,35637303,Entire home/apt,,4,2,4,5,1,195,3,21.274358,-157.821597,22:01.8
11224092,58485617,Entire home/apt,,3,0,,,9,1295,5,21.397187,-157.729842,21:55.0
6665571,33380091,Entire home/apt,,4,0,,3,1,190,1,21.274975,-157.820588,21:41.2
4416745,12622337,Entire home/apt,,4,20,5,,2,251,3,21.273631,-157.819771,21:38.4
2936997,740644,Entire home/apt,,4,74,5,2,0,125,1,21.285662,-157.83347,21:34.3
9742992,12138629,Private room,,9,7,4.5,2,1,38,2,21.339509,-158.027575,21:24.7
6855111,7338403,Private room,,2,9,4.5,2,1,98,1,21.555781,-157.854259,21:22.6
969607,4201037,Entire home/apt,,4,57,4.5,2,1,130,2,21.280531,-157.828193,21:00.8
5755818,29164377,Entire home/apt,,4,0,,,5,3134,7,21.296923,-157.701001,20:44.0
3680726,4178827,Entire home/apt,,5,57,4,,2,125,1,21.309591,-157.812404,20:41.4
710538,3644514,Private room,,6,17,5,2,1,58,12,21.32883,-157.847211,20:36.5
6958536,15740862,Private room,,1,34,5,2,1,70,1,21.317466,-158.033289,20:32.8
5781709,4088632,Entire home/apt,,4,39,4.5,3,0,105,2,21.283994,-157.797966,20:30.0
196758,958466,Entire home/apt,,2,79,5,4,0,135,4,21.651488,-158.055271,20:16.5
6144008,24423301,Entire home/apt,,5,0,,3,0,110,3,21.294232,-157.841082,20:10.1
6714637,4384556,Entire home/apt,,4,21,5,,4,459,1,21.270359,-157.815265,20:06.7
3961051,14040,Entire home/apt,,7,48,4.5,2,0,79,3,21.353242,-157.921233,20:03.2
8650938,45468059,Private room,,9,2,5,2,1,59,2,21.435084,-158.014732,20:01.0
4583439,968664,Entire home/apt,,3,14,5,4,1,130,3,21.420952,-157.75249,19:56.8
7684483,33123363,Private room,,5,21,4,2,1,59,1,21.295671,-157.843605,19:53.0
609772,676697,Entire home/apt,,4,3,3,5,2,140,30,21.278572,-157.824472,19:47.9
164963,770461,Entire home/apt,,2,31,4.5,,2,400,2,21.662393,-158.052077,19:44.2
8579868,10496350,Entire home/apt,,4,0,,,5,1025,7,21.300034,-157.676472,19:34.5
9255450,4183111,Entire home/apt,,4,0,,2,0,210,4,21.279853,-157.830536,19:30.5
6705852,34946956,Entire home/apt,,4,1,5,2,1,125,2,21.278446,-157.82458,19:28.1
4403646,22857543,Private room,,4,22,5,2,1,65,3,21.281741,-157.793252,19:26.6
7040306,16759150,Shared room,,4,39,4.5,2,1,57,1,21.27925,-157.823795,19:19.8
5641861,18268146,Entire home/apt,,3,3,5,2,1,120,7,21.403498,-157.742341,19:16.9
1925767,9976338,Entire home/apt,,2,15,5,,4,450,1,21.621371,-157.916306,19:13.6
11187045,27138715,Entire home/apt,,4,1,5,2,0,75,3,21.276254,-157.82362,18:53.8
9992029,51335004,Entire home/apt,,2,2,5,,4,485,4,21.581423,-158.12482,18:51.5
10120955,48618586,Entire home/apt,,1,0,,,5,542,,21.414025,-158.177787,18:44.3
3829376,12622337,Entire home/apt,,4,36,4.5,,2,225,2,21.284724,-157.830886,18:40.7
8657935,26591491,Entire home/apt,,4,0,,4,0,140,3,21.280202,-157.825306,18:30.1
8942761,33048709,Entire home/apt,,4,4,5,2,1,115,3,21.28617,-157.839639,18:27.3
9107318,44201399,Entire home/apt,,2,0,,,5,1468,,21.66457,-158.051253,18:21.5
4867768,6503685,Entire home/apt,,5,8,4,3,1,88,3,21.296701,-157.795241,18:13.2
6644077,10306818,Private room,,2,18,5,1,1,60,3,21.576495,-158.107249,18:06.6
5077071,12902136,Entire home/apt,,1,0,,4,1,300,7,21.330852,-158.120417,18:00.3
1235974,2709332,Entire home/apt,,4,17,4,3,1,98,2,21.275249,-157.813079,17:58.2
1583670,8434637,Entire home/apt,,4,36,4.5,,3,319,1,21.272194,-157.812608,17:51.3
2867240,14656281,Private room,,5,47,4.5,2,1,64,2,21.280511,-157.807478,17:31.2
4504530,23361209,Entire home/apt,,3,18,4.5,4,2,190,3,21.34428,-157.735013,17:27.8
9116321,1191923,Entire home/apt,,4,1,4,,4,795,4,21.281026,-157.741653,17:21.2
2570775,1671879,Entire home/apt,,4,19,4.5,5,1,159,4,21.275914,-157.82218,17:13.2
323934,1649970,Private room,,6,36,4,2,1,65,1,21.313666,-157.829853,17:10.0
9739173,50249223,Entire home/apt,,4,9,4.5,3,0,139,1,21.285431,-157.839556,17:06.2
8613230,43532519,Entire home/apt,,2,1,4,,3,375,4,21.619299,-157.915404,17:03.6
4977910,14898273,Entire home/apt,,3,0,,,3,970,5,21.398152,-157.730868,16:49.8
4294936,3970342,Entire home/apt,,1,25,4.5,4,1,100,2,21.483202,-158.203467,16:45.9
3425630,17267899,Entire home/apt,,1,2,5,,2,800,7,21.334376,-158.122226,16:38.9
236478,1239659,Private room,,4,100,5,1,1,70,5,21.284348,-157.834822,16:29.9
6399257,25658334,Private room,,4,14,4.5,3,1,80,3,21.272115,-157.794578,16:26.3
9162021,47689828,Entire home/apt,,4,4,4.5,,2,250,2,21.286066,-157.83714,16:18.8
8657320,26591491,Entire home/apt,,4,0,,3,0,150,3,21.280718,-157.825272,16:11.8
1539326,8205969,Private room,,1,10,5,4,1,65,1,21.335234,-158.056876,16:02.5
4294289,13508451,Entire home/apt,,2,13,5,,3,300,3,21.674694,-158.037321,15:58.5
4060493,11206419,Private room,,3,19,5,2,1,165,30,21.393592,-157.720534,15:34.6
4183329,15274083,Entire home/apt,,4,0,,4,1,214,2,21.284826,-157.829095,15:25.0
820230,1504615,Private room,,2,67,4.5,2,1,95,1,21.590803,-158.104332,15:21.4
1970938,9032726,Entire home/apt,,2,3,5,,6,400,7,21.623466,-157.921297,15:12.7
5329256,27135772,Private room,,5,22,5,2,1,78,2,21.28762,-157.802147,15:11.0
9861629,49868334,Entire home/apt,,4,6,5,5,1,135,2,21.281142,-157.827835,14:40.3
3193480,15274083,Entire home/apt,,4,0,,2,0,177,7,21.284645,-157.83003,14:36.3
9996944,51356467,Private room,,4,0,,2,1,750,3,21.280862,-157.73473,14:32.8
1903018,9727322,Private room,,2,75,5,2,1,110,1,21.67903,-158.032945,14:27.6
8869438,4298905,Entire home/apt,,1,4,4.5,,3,245,1,21.364254,-158.092898,14:24.6
10246419,11552197,Entire home/apt,,1,1,5,4,1,140,7,21.462454,-158.211473,14:13.6
10099373,3032821,Private room,,4,1,5,2,1,67,4,21.288429,-157.793032,14:11.0
6665617,33380091,Entire home/apt,,4,0,,5,1,190,1,21.274889,-157.82072,14:05.6
4932853,21088887,Entire home/apt,,4,18,5,2,1,199,1,21.284957,-157.838754,14:02.2
9653851,21751006,Private room,,4,16,5,3,1,69,3,21.271983,-157.807786,13:48.5
6940957,18839312,Entire home/apt,,7,0,,4,1,110,4,21.315339,-157.865091,13:38.2
6975517,36577621,Entire home/apt,,2,24,5,2,1,138,2,21.701634,-157.993593,13:22.1
11588634,31766872,Private room,,6,0,,2,1,75,1,21.368021,-157.899739,13:19.6
5751842,1209417,Private room,,1,8,4.5,2,1,70,1,21.332877,-158.072715,13:12.8
5293903,26646128,Entire home/apt,,4,32,4.5,4,1,165,14,21.280818,-157.827017,13:09.3
10283606,52893593,Entire home/apt,,4,0,,4,2,680,10,21.282336,-157.743763,12:50.6
7151120,3435373,Shared room,,4,11,4.5,,1,30,2,21.282239,-157.826784,12:47.5
7955724,1731631,Entire home/apt,,1,2,5,,3,550,4,21.342566,-158.119068,12:44.9
7859917,40060748,Entire home/apt,,4,0,,4,0,127,1,21.281496,-157.827074,12:39.1
887462,4622146,Private room,,1,0,,2,1,150,3,21.322899,-158.024241,12:31.4
6954978,36388020,Entire home/apt,,3,5,4.5,2,0,99,4,21.374056,-157.741267,12:28.2
10709628,12457533,Entire home/apt,,6,2,5,2,1,125,3,21.329472,-157.823032,12:25.3
9700299,49976686,Private room,,1,14,5,2,1,60,1,21.419597,-158.176298,12:02.4
8637528,9476342,Entire home/apt,,2,36,5,2,1,99,1,21.56103,-158.106048,11:43.9
8173272,43135198,Private room,,6,24,4,2,1,39,1,21.331133,-157.852134,11:36.1
4902958,25240699,Private room,,6,19,5,2,1,100,3,21.342077,-157.828201,11:32.6
4129890,2349948,Entire home/apt,,4,36,4.5,2,0,99,2,21.275362,-157.824276,11:29.4
10591734,7739112,Private room,,7,36,5,2,1,52,1,21.34691,-157.908684,03:49.0
7717321,3640574,Entire home/apt,,4,19,4.5,2,0,69,2,21.276531,-157.822625,03:37.7
10765418,1927133,Private room,,4,1,5,2,1,85,5,21.279656,-157.750643,03:27.5
9751540,16875991,Private room,,5,1,5,2,1,100,1,21.288955,-157.826824,03:24.3
7544300,10496350,Entire home/apt,,4,0,,,2,400,10,21.28743,-157.834282,03:21.2
6318750,14654082,Entire home/apt,,4,9,4.5,4,1,149,3,21.280023,-157.826278,03:03.1
6556785,21880984,Entire home/apt,,2,27,5,3,1,140,1,21.645457,-158.050793,02:58.7
963659,461037,Entire home/apt,,2,1,5,,6,2905,3,21.604694,-157.905043,02:38.8
5906612,3970342,Entire home/apt,,2,13,5,3,0,125,1,21.62982,-158.070212,02:32.4
8812994,46168551,Entire home/apt,,4,12,4.5,2,0,129,2,21.271086,-157.820617,02:29.7
7182884,37632447,Entire home/apt,,5,25,4.5,,2,95,2,21.307344,-157.814912,02:23.3
3053415,15274083,Entire home/apt,,4,3,5,,2,335,7,21.284887,-157.829401,02:12.3
9491383,49194163,Entire home/apt,,1,7,5,,3,235,1,21.409318,-158.174932,02:08.9
517649,2548403,Private room,,1,30,5,2,1,65,2,21.405877,-158.167238,01:52.9
7305563,38268914,Entire home/apt,,1,0,,,2,450,6,21.33441,-158.121113,01:42.2
4547299,10496350,Entire home/apt,,1,2,5,,2,409,6,21.334801,-158.120583,01:38.6
2142960,10937460,Entire home/apt,,4,16,4.5,3,0,120,3,21.283999,-157.836432,01:35.0
11066457,57440677,Private room,,4,2,,2,1,69,1,21.27762,-157.824874,01:32.0
5621198,25809048,Entire home/apt,,4,37,5,2,0,99,1,21.287575,-157.833156,01:29.7
3906186,16697177,Entire home/apt,,1,3,5,,5,2000,3,21.413473,-158.176944,01:27.3
10475434,22555593,Entire home/apt,,4,5,5,2,0,99,1,21.281068,-157.824608,01:19.5
7027308,36839537,Entire home/apt,,4,15,3.5,3,0,120,3,21.275431,-157.823173,01:13.2
6664267,34884725,Private room,,4,1,5,2,1,128,1,21.270684,-157.812774,01:05.7
6809648,1201525,Entire home/apt,,5,27,4.5,4,0,99,2,21.281657,-157.824967,00:43.0
4250457,22056400,Entire home/apt,,4,18,5,4,1,124,1,21.285057,-157.838126,00:39.5
10707311,706371,Entire home/apt,,4,0,,,2,499,3,21.290978,-157.840225,00:37.3
6465833,16605351,Entire home/apt,,5,14,4.5,4,2,112,1,21.315234,-157.812516,00:35.3
8573466,21342307,Private room,,1,7,5,2,1,49,2,21.32644,-158.058684,00:30.3
10251704,25102990,Private room,,2,5,4.5,2,1,85,3,21.570412,-158.111253,00:24.9
10615564,33388952,Private room,,4,4,4.5,2,1,85,1,21.2753,-157.820381,00:17.0
1551568,1832197,Private room,,4,42,4.5,3,1,110,1,21.265707,-157.812777,00:07.4
6494940,461037,Entire home/apt,,2,0,,,6,699,3,21.603917,-157.908111,00:00.5
2882721,461037,Entire home/apt,,2,0,,,4,300,3,21.649005,-157.930774,59:55.4
9611792,49731275,Entire home/apt,,4,1,5,,6,1150,4,21.273078,-157.708338,59:49.3
9240532,46740539,Entire home/apt,,7,7,5,,3,189,3,21.33291,-157.864699,59:47.2
9610099,31181927,Private room,,5,0,,2,1,50,1,21.301002,-157.785077,59:36.0
8519666,44859641,Entire home/apt,,4,9,5,4,1,175,3,21.271852,-157.822578,59:33.4
6679237,34961508,Entire home/apt,,4,5,5,,2,325,1,21.286608,-157.790851,59:19.7
2099262,10706982,Entire home/apt,,4,21,5,,6,675,7,21.314438,-157.711678,59:09.3
6994710,36247801,Entire home/apt,,3,2,5,2,1,175,5,21.411872,-157.744347,59:03.8
5944800,21105072,Entire home/apt,,5,0,,2,1,200,7,21.285602,-157.8253,58:56.1
8991954,3314241,Private room,,5,2,5,2,1,65,2,21.28874,-157.811914,58:54.2
6854698,30161543,Entire home/apt,,4,2,4.5,,2,209,7,21.286133,-157.699327,58:30.1
804274,4231961,Entire home/apt,,4,29,5,2,0,142,3,21.272279,-157.820927,58:15.5
196110,943818,Entire home/apt,,3,14,4.5,3,1,199,5,21.413928,-157.769951,58:08.6
3517372,17709954,Entire home/apt,,3,9,4.5,,3,625,5,21.33657,-157.698599,58:04.9
2936504,10393961,Private room,,2,114,5,2,1,94,3,21.628679,-158.073266,57:56.8
1836416,378608,Entire home/apt,,3,16,5,,2,245,3,21.33942,-157.704069,57:46.9
385185,1928202,Private room,,4,112,5,2,1,75,3,21.271881,-157.702508,57:42.7
1797181,378608,Entire home/apt,,3,0,,4,1,210,3,21.389735,-157.727797,57:34.4
4448667,1596819,Private room,,6,11,5,2,1,75,1,21.307515,-157.847485,57:25.0
10252010,23310530,Entire home/apt,,4,0,,2,0,99,6,21.261167,-157.798925,57:20.9
9236181,1191923,Entire home/apt,,2,2,4,,2,195,4,21.618272,-158.085688,57:17.3
8156344,5355764,Entire home/apt,,2,17,5,2,0,135,3,21.683453,-158.031751,57:10.3
9680793,6034640,Private room,,3,3,4.5,2,1,80,1,21.382828,-157.750002,57:02.4
3416142,15652222,Entire home/apt,,1,5,5,,2,350,6,21.336309,-158.120618,56:56.4
4137709,8551876,Entire home/apt,,4,15,4.5,4,1,120,3,21.273929,-157.820675,56:48.1
3304358,16113256,Entire home/apt,,4,18,4.5,2,0,109,4,21.285842,-157.83956,56:41.0
6594538,25445257,Entire home/apt,,4,2,4.5,4,1,150,4,21.273598,-157.822493,56:38.5
6665399,33380091,Entire home/apt,,4,0,,6,1,180,1,21.275739,-157.822465,56:08.9
6975247,36575845,Entire home/apt,,4,10,5,4,2,289,1,21.286862,-157.836873,56:02.2
6753821,34024330,Entire home/apt,,4,3,5,,2,199,2,21.276346,-157.820104,55:58.4
5603969,3314241,Entire home/apt,,5,14,5,,7,725,2,21.287616,-157.80181,55:54.4
6106766,31686373,Entire home/apt,,2,6,5,4,2,250,3,21.57884,-158.153888,55:48.6
8349352,43776892,Entire home/apt,,1,2,5,,2,115,1,21.479694,-158.204055,55:40.2
7615142,7785405,Entire home/apt,,1,5,5,,3,595,1,21.330989,-158.121191,55:31.0
2756823,14098943,Entire home/apt,,5,34,5,3,1,110,2,21.291231,-157.83826,55:23.4
8277618,25846886,Entire home/apt,,2,0,,,5,570,7,21.636565,-157.919365,55:19.3
10542639,49431034,Entire home/apt,,2,0,,,4,195,2,21.649447,-157.927542,54:58.3
8861949,10496350,Entire home/apt,,4,1,5,,6,3000,1,21.265273,-157.710203,54:49.7
1405415,7175139,Entire home/apt,,5,79,4.5,,2,149,1,21.287436,-157.820297,54:46.9
232825,706371,Entire home/apt,,4,18,4.5,,2,359,3,21.290578,-157.840627,54:42.9
295519,1456277,Private room,,5,40,5,2,1,69,7,21.298516,-157.79021,54:39.8
9111222,740644,Entire home/apt,,4,11,5,2,0,135,1,21.285768,-157.831656,54:30.6
104447,71120,Entire home/apt,,5,9,5,2,0,125,30,21.291824,-157.836617,54:27.4
6980044,36600348,Entire home/apt,,4,12,5,4,1,130,30,21.283745,-157.828741,54:23.8
6665560,33380091,Entire home/apt,,4,0,,4,1,210,1,21.273605,-157.820604,54:19.3
10706991,51921955,Entire home/apt,,3,0,,,9,1200,1,21.394935,-157.731558,54:16.0
9116179,43073326,Private room,,4,6,4.5,2,1,119,2,21.286103,-157.835655,54:13.9
6095416,23906942,Entire home/apt,,4,5,5,4,3,168,5,21.291617,-157.694005,54:05.5
2407312,12305876,Entire home/apt,,2,16,4.5,4,1,185,1,21.680372,-158.037218,54:03.6
8525105,44890087,Entire home/apt,,4,5,5,,2,210,2,21.27583,-157.824102,54:00.2
716971,3696248,Entire home/apt,,3,51,5,2,2,87,5,21.370782,-157.734218,53:58.0
33425,144760,Private room,,4,25,4.5,3,1,103,1,21.27999,-157.700744,53:55.6
5736199,28716554,Private room,,4,30,4.5,2,1,89,1,21.280709,-157.825284,53:51.7
9591179,2576932,Entire home/apt,,4,0,,,4,649,5,21.278582,-157.827527,53:48.4
11061624,21188279,Private room,,6,4,5,2,1,85,2,21.321456,-157.843417,53:37.7
10017539,51441541,Private room,,9,1,5,1,1,45,3,21.440437,-158.019439,53:32.1
7567559,4924583,Entire home/apt,,4,12,4.5,5,2,215,2,21.276481,-157.820468,53:24.3
10295377,31737661,Private room,,4,6,4.5,2,1,55,2,21.302816,-157.669918,53:17.2
1833269,9032726,Entire home/apt,,2,5,4.5,,3,200,4,21.624871,-157.919795,53:13.6
10155224,4582903,Private room,,6,6,4.5,2,1,87,5,21.303351,-157.833453,53:11.2
9748927,29164377,Entire home/apt,,3,0,,,5,3647,7,21.398256,-157.728559,52:58.1
8091416,42732356,Entire home/apt,,4,15,5,,2,250,1,21.284417,-157.839117,52:48.2
8509933,40922297,Entire home/apt,,4,8,5,2,0,96,1,21.28715,-157.833889,52:42.3
7664563,3028649,Entire home/apt,,9,14,5,,2,175,2,21.312474,-157.999362,52:40.2
1197879,1166569,Entire home/apt,,2,7,4.5,,2,193,4,21.698831,-157.994215,52:35.9
7405576,2384634,Entire home/apt,,5,13,4.5,,2,192,2,21.287742,-157.831568,52:31.7
2671573,4855417,Private room,,1,44,4.5,2,1,65,2,21.360959,-158.085303,52:25.3
9046217,47202476,Entire home/apt,,5,4,4.5,4,2,90,1,21.287598,-157.822715,52:22.3
1970520,5448114,Entire home/apt,,4,33,4,2,1,95,3,21.28576,-157.838593,52:18.5
8326369,17709954,Entire home/apt,,3,1,5,,4,770,6,21.339336,-157.69918,52:12.5
960676,2576932,Entire home/apt,,5,18,5,4,1,159,3,21.282078,-157.824895,52:09.9
3220289,2349948,Entire home/apt,,4,24,4,3,0,119,2,21.275549,-157.82355,52:01.4
1764600,9252950,Entire home/apt,,1,19,5,3,0,175,1,21.48029,-158.206451,51:50.8
9417669,16113256,Entire home/apt,,4,7,4.5,4,1,168,3,21.281665,-157.826093,51:43.8
4547205,10496350,Entire home/apt,,1,0,,,2,460,6,21.334463,-158.120262,51:38.3
6886256,461037,Entire home/apt,,2,1,,,3,160,1,21.650992,-157.926814,51:35.0
9562954,19252004,Private room,,4,0,,2,1,85,1,21.274494,-157.821959,51:32.0
5615529,25846886,Entire home/apt,,2,4,3,,3,359,3,21.678788,-158.037595,51:22.4
7859792,41423781,Entire home/apt,,3,18,5,2,0,140,4,21.422205,-157.752726,51:20.0
9343852,48494035,Shared room,,4,2,,2,1,39,7,21.282521,-157.827311,51:08.6
6665504,33380091,Entire home/apt,,4,0,,6,1,180,1,21.275555,-157.822109,11:26.7
9073908,47324761,Entire home/apt,,4,9,5,5,1,350,1,21.261631,-157.819832,11:18.9
4257954,8417259,Entire home/apt,,2,4,5,2,1,150,2,21.654141,-158.058589,11:14.4
9140904,47435444,Entire home/apt,,2,0,,,5,400,4,21.64294,-157.91986,11:04.5
8371750,44124106,Shared room,,4,0,,1,1,140,1,21.285817,-157.836894,10:52.1
8519178,34480813,Private room,,4,3,4.5,,1,200,1,21.270857,-157.780571,10:42.7
6214669,26367237,Private room,,2,12,4.5,2,1,54,1,21.568733,-158.124941,10:40.5
2552127,11763720,Entire home/apt,,4,49,4.5,2,0,110,1,21.275579,-157.822233,10:37.3
10214497,12548147,Entire home/apt,,4,1,5,4,1,98,5,21.280812,-157.8263,10:33.5
8258244,43548533,Private room,,4,0,,2,1,79,1,21.29407,-157.753601,10:27.2
6148653,29356299,Entire home/apt,,4,17,4,4,0,125,3,21.281475,-157.82593,10:23.5
9895336,26932511,Entire home/apt,,4,0,,,2,163,1,21.276088,-157.793751,10:20.9
9153855,47655441,Private room,,2,4,5,2,1,65,2,21.638889,-158.046381,10:13.9
3898928,20187886,Private room,,3,45,5,2,1,105,1,21.408567,-157.750235,10:10.7
2228180,11369496,Private room,,3,10,4.5,2,1,132,3,21.393887,-157.731936,10:03.8
8106508,40240788,Entire home/apt,,4,6,4.5,4,1,150,3,21.27373,-157.822189,09:57.7
4854095,24971626,Entire home/apt,,3,13,4.5,3,1,115,3,21.412045,-157.805098,09:47.1
307004,1579356,Entire home/apt,,3,91,5,2,1,185,5,21.397751,-157.730648,09:39.0
3479044,3046264,Entire home/apt,,5,19,4.5,,2,275,2,21.286434,-157.829104,09:36.4
6376746,33235593,Private room,,5,26,5,2,1,75,1,21.285896,-157.826567,09:33.6
2172663,8644284,Entire home/apt,,4,54,4.5,3,1,120,3,21.284457,-157.835861,09:26.1
2254945,10509623,Entire home/apt,,3,20,5,2,0,125,4,21.390536,-157.733359,09:18.4
6665446,33380091,Entire home/apt,,4,0,,6,1,190,1,21.27552,-157.82194,09:11.8
2151819,10982895,Entire home/apt,,2,63,4.5,4,1,75,3,21.620284,-157.917237,09:09.6
330542,1686121,Entire home/apt,,2,11,5,,5,750,,21.631004,-158.071746,08:57.0
5280819,10645147,Private room,,3,55,4.5,2,1,75,1,21.42577,-157.793751,08:53.6
4128952,13619776,Entire home/apt,,2,2,5,,0,149,4,21.472918,-157.844293,08:50.1
9594306,49656090,Private room,,4,2,4.5,2,1,89,5,21.28556,-157.839359,08:46.3
6479235,3975009,Entire home/apt,,4,0,,4,1,155,7,21.280393,-157.828005,08:43.4
6888091,19252004,Entire home/apt,,4,17,4.5,,2,200,1,21.281619,-157.825914,08:41.2
9262889,46430724,Entire home/apt,,4,3,3.5,4,0,110,2,21.276315,-157.824536,08:37.1
5851455,30383311,Private room,,4,105,5,2,1,75,1,21.275203,-157.822925,08:34.7
8134392,42956431,Entire home/apt,,2,14,5,2,0,155,2,21.677555,-158.033976,08:21.1
1170424,6407964,Entire home/apt,,4,4,5,,3,290,3,21.292417,-157.688219,08:13.9
926245,4984115,Private room,,2,76,4.5,3,1,90,2,21.678599,-158.036759,08:11.1
6623872,34669701,Entire home/apt,,2,24,5,4,2,170,3,21.581201,-158.126151,08:08.0
6992513,20326256,Entire home/apt,,3,19,5,4,1,140,1,21.428027,-157.748586,08:05.4
660316,3332623,Entire home/apt,,4,62,5,4,1,160,1,21.278547,-157.823615,08:01.0
6085270,461037,Entire home/apt,,4,0,,,4,2090,8,21.261793,-157.708776,07:54.3
8780721,13200047,Entire home/apt,,4,2,5,,3,750,3,21.262138,-157.821202,07:48.2
9217830,14740621,Entire home/apt,,1,0,,5,2,125,2,21.468372,-158.216765,07:45.2
7843931,41332636,Private room,,4,0,,4,1,250,1,21.284088,-157.838903,07:42.6
8542978,44975129,Entire home/apt,,4,1,5,3,2,100,3,21.273123,-157.802966,07:40.9
2256385,11519600,Private room,,5,25,5,2,1,65,3,21.298802,-157.803807,07:35.7
7527119,39444723,Entire home/apt,,1,15,4.5,3,1,99,3,21.482049,-158.204101,07:26.4
10544186,24332379,Entire home/apt,,4,0,,,3,1000,10,21.258533,-157.814471,07:21.1
7956673,41961202,Private room,,2,14,3.5,4,1,120,1,21.676812,-158.035276,07:12.9
3783233,8782244,Private room,,7,29,4.5,2,1,60,1,21.319221,-157.86185,07:06.9
1602322,5004868,Entire home/apt,,4,61,4.5,5,1,140,1,21.283187,-157.82871,07:04.7
746075,3913149,Entire home/apt,,5,19,4.5,2,1,98,28,21.287834,-157.809907,06:57.8
10942344,23002591,Private room,,3,4,4,4,1,140,1,21.401515,-157.745957,06:55.6
1718378,1740542,Entire home/apt,,4,35,4,3,1,110,2,21.277653,-157.824225,06:48.8
6616502,30132325,Private room,,4,49,4.5,2,1,75,1,21.278656,-157.821701,06:34.7
3157030,16019415,Shared room,,5,3,5,2,1,40,1,21.291469,-157.827178,06:18.1
10835842,46658573,Entire home/apt,,3,0,,,6,5000,1,21.408209,-157.743983,06:08.8
6591689,34485450,Private room,,3,0,,2,1,51,5,21.372862,-157.74288,06:05.2
6593840,25445257,Entire home/apt,,4,4,4,4,1,155,4,21.272844,-157.822675,05:55.6
7387363,30451500,Entire home/apt,,4,1,4,2,0,57,4,21.280338,-157.826403,05:47.7
5363824,1671879,Entire home/apt,,4,17,5,4,1,129,3,21.277184,-157.822798,05:44.1
1212691,6619904,Entire home/apt,,2,18,5,4,1,220,3,21.665463,-158.050509,05:39.5
3646236,17709954,Entire home/apt,,3,0,,,6,6500,6,21.32485,-157.681072,05:37.1
4605710,6034529,Entire home/apt,,5,21,5,2,1,140,30,21.297006,-157.83811,05:30.6
6390678,22424364,Private room,,4,19,5,2,1,65,2,21.291032,-157.713065,05:27.6
8529755,37257332,Entire home/apt,,4,1,5,,3,1709,30,21.25633,-157.801237,05:21.5
1774526,378608,Entire home/apt,,3,33,5,2,0,125,2,21.339824,-157.701826,05:07.7
2467081,706371,Entire home/apt,,4,2,5,4,0,399,1,21.279798,-157.831244,04:55.2
2228778,11369496,Private room,,3,10,4.5,2,1,92,3,21.392511,-157.733839,04:53.8
9884581,9127597,Entire home/apt,,4,2,5,,4,695,1,21.2951,-157.691188,04:48.2
626156,3103484,Entire home/apt,,3,12,5,5,2,284,1,21.395293,-157.730051,04:39.7
6292815,77633,Entire home/apt,,4,1,5,4,0,140,1,21.279847,-157.826197,04:34.1
6887625,3152360,Entire home/apt,,4,3,5,4,0,190,1,21.279136,-157.826504,04:29.5
8478283,34024330,Entire home/apt,,4,4,5,4,1,162,3,21.285231,-157.839329,04:26.0
6688936,10496350,Entire home/apt,,4,0,,,4,1500,7,21.259473,-157.796859,45:11.4
2311353,7442275,Entire home/apt,,4,1,5,,3,650,1,21.296312,-157.693575,45:07.1
8906767,11822619,Entire home/apt,,4,12,4.5,4,1,149,3,21.283477,-157.837551,45:03.6
9825277,20446464,Private room,,5,18,4.5,2,1,40,1,21.28843,-157.820434,44:53.7
7999609,12992020,Entire home/apt,,6,4,4.5,2,1,135,4,21.308903,-157.86116,44:50.9
9340395,47857744,Private room,,1,0,,2,1,152,1,21.406393,-158.162101,44:45.9
10639352,16447527,Entire home/apt,,4,0,,4,1,129,10,21.281536,-157.827492,44:35.2
2268117,11581691,Entire home/apt,,3,11,5,4,2,150,3,21.383862,-157.743097,44:26.2
3220203,2349948,Entire home/apt,,4,39,4,2,0,90,2,21.274811,-157.824005,44:23.8
5605760,23491266,Private room,,3,22,4.5,2,1,75,2,21.406724,-157.753972,44:21.8
2532804,7324234,Private room,,5,61,4.5,3,1,85,1,21.306347,-157.814588,44:19.2
1508072,8055475,Entire home/apt,,5,0,,4,2,220,21,21.291982,-157.848836,44:11.9
6916870,2349948,Entire home/apt,,4,22,4.5,2,0,85,2,21.276756,-157.823736,44:09.1
9552265,16113256,Entire home/apt,,4,2,4,4,1,169,,21.278388,-157.824174,44:06.7
9863435,50014565,Shared room,,1,3,4.5,1,1,65,1,21.475751,-158.218254,44:00.9
7619608,34800048,Entire home/apt,,3,8,5,,3,210,3,21.345737,-157.71421,43:56.5
7213555,33123363,Private room,,5,40,4.5,2,1,59,1,21.295908,-157.843696,43:44.8
3743772,13015695,Private room,,6,25,4.5,3,1,56,1,21.358525,-157.85365,43:39.0
4033557,15648143,Entire home/apt,,3,2,5,,2,300,5,21.338455,-157.701665,43:35.6
3458161,17427979,Entire home/apt,,4,42,5,2,1,145,1,21.283376,-157.827608,43:32.1
5318498,27552317,Shared room,,4,12,4,1,1,50,1,21.275027,-157.819804,43:22.4
9678917,740644,Entire home/apt,,4,17,4.5,2,0,115,1,21.286609,-157.831734,43:06.3
356441,1803883,Entire home/apt,,1,9,4.5,,5,541,4,21.468238,-158.21642,43:04.2
5649578,29164377,Entire home/apt,,1,0,,,2,906,7,21.339049,-158.120285,43:02.3
8428250,34024330,Entire home/apt,,4,1,4,4,1,112,2,21.280351,-157.825329,42:53.9
8799318,29653793,Private room,,5,28,5,2,1,99,2,21.277143,-157.809319,42:50.3
6562464,34144484,Entire home/apt,,4,4,4.5,1,0,99,5,21.276297,-157.82293,42:46.5
9161401,10496350,Entire home/apt,,4,0,,,4,4000,10,21.256962,-157.815258,42:40.1
1679289,8884049,Entire home/apt,,3,3,5,5,2,324,7,21.402481,-157.73813,42:36.8
675976,3416690,Private room,,1,13,4.5,1,1,55,1,21.440045,-158.156772,42:34.0
6665426,33380091,Entire home/apt,,4,0,,4,1,210,1,21.274993,-157.820743,42:30.5
7713277,40520789,Entire home/apt,,1,11,5,,2,95,4,21.481632,-158.202983,42:26.5
865710,4281948,Entire home/apt,,2,1,5,,5,800,4,21.648899,-157.916145,42:07.6
8119570,27194067,Entire home/apt,,6,5,4,,3,230,4,21.355514,-157.858318,42:03.8
9199356,166770,Shared room,,4,1,,1,1,30,2,21.286013,-157.837211,41:58.7
11227720,55540009,Private room,,8,1,5,2,1,75,1,21.418343,-157.99474,41:53.4
11497123,16217332,Private room,,5,0,,1,1,50,7,21.297087,-157.793231,41:41.9
10994605,51018667,Entire home/apt,,4,0,,3,1,185,3,21.280649,-157.826692,41:35.8
8310892,12592008,Entire home/apt,,4,2,5,4,2,145,3,21.292613,-157.707292,41:31.6
11419101,5006973,Private room,,5,0,,2,1,148,1,21.297353,-157.801189,41:29.6
2996275,15274083,Entire home/apt,,4,0,,4,0,205,7,21.276049,-157.823484,41:23.1
3232074,2349948,Entire home/apt,,4,36,4.5,4,0,149,4,21.275557,-157.823276,40:46.0
6157231,31691659,Private room,,5,1,,2,1,299,1,21.294588,-157.848666,40:41.9
3306411,16695848,Entire home/apt,,4,59,4.5,4,0,115,3,21.282022,-157.826737,40:39.6
9320216,44494008,Entire home/apt,,4,1,5,,2,814,5,21.284452,-157.836479,40:30.8
8635963,45321760,Private room,,2,6,4.5,2,1,50,1,21.677392,-158.034213,40:27.1
1006799,88829,Shared room,,5,34,5,1,1,48,2,21.317626,-157.800585,40:17.5
4868756,3913149,Entire home/apt,,5,5,4.5,2,0,98,60,21.288007,-157.811023,40:14.7
5594035,25219361,Private room,,4,64,4.5,2,1,71,1,21.27688,-157.82134,40:06.9
3799854,9976338,Entire home/apt,,2,67,5,2,0,150,1,21.602836,-157.899227,40:05.0
8786004,63444,Private room,,3,14,4.5,2,1,69,3,21.401727,-157.747139,39:54.1
6007144,31184930,Private room,,3,20,5,2,1,80,1,21.410795,-157.801805,39:50.5
10266175,42868615,Entire home/apt,,1,0,,4,1,110,1,21.482056,-158.202054,39:44.1
10986855,56999361,Entire home/apt,,4,0,,4,1,79,1,21.280318,-157.824927,39:39.2
1787034,9378359,Entire home/apt,,3,20,4.5,2,1,136,7,21.401555,-157.743796,39:30.6
5386028,11763720,Entire home/apt,,4,7,4.5,2,0,89,1,21.275304,-157.822089,39:28.4
9970955,34884725,Shared room,,4,1,1,1,1,68,1,21.270355,-157.810761,39:20.0
9592627,49649588,Private room,,4,3,4,2,1,100,1,21.275863,-157.813452,39:07.7
6572436,34375951,Entire home/apt,,3,9,5,,3,345,3,21.407522,-157.777157,39:04.0
552695,2715729,Entire home/apt,,2,145,5,2,1,135,3,21.593188,-158.107957,39:01.5
6665394,33380091,Entire home/apt,,4,0,,6,1,190,1,21.275398,-157.821967,38:58.5
9065313,47054315,Entire home/apt,,2,0,,5,1,146,,21.700779,-157.994003,38:55.1
5533220,12270636,Entire home/apt,,4,41,5,4,0,108,1,21.289352,-157.793172,38:37.4
3504232,17642524,Entire home/apt,,1,2,5,,2,590,7,21.328489,-158.121689,38:34.0
8190277,43202501,Entire home/apt,,4,13,5,,2,365,3,21.27205,-157.82119,38:31.1
763227,2415582,Entire home/apt,,4,4,4,2,0,110,6,21.280602,-157.826632,38:28.2
8488022,28585183,Entire home/apt,,4,0,,5,1,129,1,21.27929,-157.825707,38:25.7
4816082,11763720,Entire home/apt,,4,51,5,3,0,110,1,21.274769,-157.825235,38:22.7
8747128,44483583,Private room,,5,2,5,1,1,40,7,21.298259,-157.826383,38:09.9
10751413,11822619,Entire home/apt,,4,2,4.5,3,0,98,5,21.282083,-157.825538,38:04.2
5318236,5856233,Private room,,7,2,4.5,2,1,49,27,21.32074,-157.855899,38:02.3
1605190,8551876,Entire home/apt,,4,40,4.5,4,1,117,1,21.275726,-157.821987,37:59.0
8653035,19536403,Entire home/apt,,5,20,5,3,1,115,2,21.277803,-157.819831,37:56.8
6226632,26367237,Private room,,2,9,4.5,2,1,67,1,21.566658,-158.126941,37:54.7
5191438,1201525,Entire home/apt,,4,55,4.5,4,0,99,3,21.276907,-157.823665,37:45.8
8701979,31181927,Private room,,5,2,3.5,4,1,99,2,21.301537,-157.784462,37:31.7
8936593,46721576,Entire home/apt,,3,0,,,2,300,7,21.404257,-157.753375,37:25.8
2989578,9584870,Private room,,2,11,4.5,4,1,99,2,21.650554,-157.930904,37:22.4
2304670,7918836,Entire home/apt,,4,21,4,2,0,119,5,21.286326,-157.835523,37:19.2
6977951,11212857,Entire home/apt,,4,22,5,2,0,120,2,21.293502,-157.787317,37:12.6
5762387,29895908,Entire home/apt,,1,6,5,4,1,129,2,21.479723,-158.206276,37:05.9
6240880,28585183,Entire home/apt,,5,15,4.5,,2,199,1,21.288952,-157.832587,37:02.7
4533835,7527303,Entire home/apt,,3,9,4.5,4,2,175,7,21.338439,-157.701783,36:46.7
7535152,3332623,Entire home/apt,,4,27,5,4,1,165,1,21.278212,-157.823556,36:44.2
6267300,200945,Private room,,2,1,,2,1,65,1,21.466333,-158.014081,36:40.8
2023691,10496350,Entire home/apt,,4,1,,4,2,200,10,21.25934,-157.817204,36:37.6
5773874,21968843,Entire home/apt,,4,14,5,4,2,150,3,21.294028,-157.785341,36:35.9
8134118,42954527,Private room,,2,18,5,2,1,93,2,21.453343,-157.82457,36:28.5
6665420,33380091,Entire home/apt,,4,0,,2,1,210,1,21.274435,-157.821562,36:23.0
9653925,10924104,Entire home/apt,,2,3,5,1,0,95,3,21.6688,-158.045346,36:13.2
1416391,4668107,Entire home/apt,,4,7,4,5,0,129,4,21.289558,-157.840093,36:10.3
9448743,7205929,Private room,,2,14,5,2,1,95,2,21.591684,-158.099065,36:06.3
9637999,46345460,Entire home/apt,,7,1,,3,1,120,5,21.348719,-157.91232,35:49.4
10529879,9894305,Private room,,4,4,4.5,2,1,80,1,21.285818,-157.83698,35:43.2
7918064,41751988,Private room,,8,11,4.5,4,1,65,1,21.414025,-157.963949,35:35.0
3133314,15274083,Entire home/apt,,4,2,5,,3,445,7,21.28342,-157.829983,35:32.2
7097781,2384634,Entire home/apt,,4,20,5,,2,192,1,21.286325,-157.832059,35:27.6
8460915,25846886,Entire home/apt,,2,0,,,5,4699,4,21.664122,-157.935099,35:22.0
6808400,13787275,Entire home/apt,,6,2,4.5,3,1,115,2,21.302023,-157.857798,35:19.2
8105335,42788414,Entire home/apt,,2,5,4.5,4,1,142,1,21.590134,-157.890801,35:16.0
5641781,18268146,Entire home/apt,,3,0,,2,1,107,30,21.375553,-157.742128,35:04.6
737375,3496617,Private room,,2,14,4,4,1,155,3,21.643938,-158.043234,35:03.2
9700074,50091548,Private room,,5,13,4.5,2,1,45,3,21.284575,-157.810244,34:59.3
6716702,35157025,Private room,,1,47,5,2,1,75,1,21.344995,-158.071613,34:57.2
6006341,22303377,Entire home/apt,,2,1,2,,2,175,3,21.615137,-157.914204,34:38.4
10699933,55283202,Entire home/apt,,2,1,5,5,2,250,2,21.586437,-158.112696,34:35.3
10061579,48708164,Private room,,5,6,5,2,1,75,3,21.280398,-157.808861,34:29.6
9175328,41123540,Entire home/apt,,2,0,,,4,365,7,21.645834,-157.919627,34:21.4
875693,4623954,Private room,,3,0,,3,1,185,3,21.383888,-157.714009,34:15.6
8970945,20085343,Private room,,1,0,,2,1,65,1,21.345663,-158.071327,34:09.0
6392485,33331579,Entire home/apt,,1,5,5,,4,350,10,21.441411,-158.187464,33:53.4
6972796,36561260,Entire home/apt,,3,1,,2,0,115,4,21.414119,-157.765576,33:46.5
7514,18894,Entire home/apt,,4,1,5,2,1,115,14,21.280846,-157.824636,33:39.8
5387120,27927193,Entire home/apt,,4,24,5,2,0,87,1,21.287804,-157.832336,33:36.8
7323527,38364262,Entire home/apt,,3,4,4.5,,3,550,4,21.384531,-157.713834,33:33.3
3355273,15274083,Entire home/apt,,4,0,,4,1,199,2,21.283485,-157.829679,33:29.9
8906992,23871479,Entire home/apt,,3,7,5,2,1,145,1,21.394891,-157.724087,33:26.9
5917858,11775273,Entire home/apt,,5,5,4.5,5,1,125,3,21.289413,-157.820785,33:15.4
2979531,12304286,Entire home/apt,,6,12,5,5,2,200,5,21.331563,-157.852463,33:11.6
6811281,33326620,Entire home/apt,,1,2,4.5,2,1,120,3,21.482385,-158.203266,33:07.7
5242206,27131231,Entire home/apt,,4,16,4.5,,1,240,1,21.274961,-157.821034,32:58.0
10761636,55652228,Entire home/apt,,4,2,5,4,0,125,2,21.276464,-157.824994,32:45.7
1619618,513911,Entire home/apt,,4,15,4,2,1,109,3,21.272888,-157.820456,32:43.2
2847320,10496350,Entire home/apt,,1,2,5,,2,429,6,21.334767,-158.12172,32:19.0
9906000,50937700,Private room,,1,10,5,2,1,76,1,21.319709,-158.023049,32:15.5
5651547,12370863,Entire home/apt,,4,19,4,4,1,129,2,21.275916,-157.824717,32:09.3
7009392,36745201,Private room,,4,0,,1,1,100,1,21.289812,-157.776563,31:43.0
707510,3416690,Private room,,1,3,4.5,1,1,55,1,21.440177,-158.156378,31:34.1
8539001,9522619,Entire home/apt,,2,18,5,4,2,250,4,21.589813,-157.891897,31:30.4
8618748,45321760,Entire home/apt,,2,2,5,4,3,200,3,21.677576,-158.035732,29:01.9
7514022,30067625,Private room,,5,13,5,1,1,70,4,21.288061,-157.826677,28:50.9
642564,3222390,Entire home/apt,,4,73,4.5,4,1,150,3,21.268972,-157.812862,28:45.6
6158302,31948547,Entire home/apt,,1,23,4.5,,4,149,2,21.414167,-158.168205,28:42.9
10193841,44534159,Entire home/apt,,8,0,,4,1,85,1,21.385554,-157.946703,28:32.0
7542162,461037,Entire home/apt,,3,0,,,3,595,7,21.374661,-157.730119,28:18.1
7604060,39880354,Entire home/apt,,4,13,5,2,1,115,30,21.281415,-157.830153,28:14.5
6889330,5256548,Entire home/apt,,5,3,5,4,0,109,1,21.282166,-157.824937,28:01.5
1831727,9579908,Private room,,6,63,4.5,2,1,77,3,21.349419,-157.84455,27:37.1
1479891,479513,Entire home/apt,,6,1,,3,1,175,3,21.30825,-157.861709,27:33.2
9332900,40522423,Private room,,4,15,5,2,1,130,1,21.288294,-157.710636,27:22.0
7268756,38059479,Entire home/apt,,2,0,,4,1,212,6,21.69914,-157.995592,27:18.1
6256937,31870579,Entire home/apt,,4,2,5,2,0,169,2,21.2853,-157.829867,27:14.6
10344946,51428584,Private room,,4,6,4.5,2,1,90,1,21.282882,-157.827815,27:01.0
9930062,39491655,Private room,,5,19,5,2,1,60,2,21.287884,-157.808605,26:57.9
438923,2180698,Private room,,2,94,4.5,2,1,75,3,21.702172,-157.995607,26:55.2
1712562,9032546,Entire home/apt,,2,97,4.5,4,1,100,2,21.646604,-158.061498,26:34.5
5736521,28716554,Private room,,5,22,5,2,1,69,1,21.281323,-157.823673,26:31.7
8705100,45688335,Entire home/apt,,2,0,,,5,1095,1,21.581379,-158.132997,31:20.9
5960823,11284178,Entire home/apt,,3,1,5,,4,864,4,21.393928,-157.724063,31:13.3
1001265,5448114,Entire home/apt,,4,60,4,2,1,95,3,21.286336,-157.839187,31:10.4
9716726,38618002,Shared room,,4,13,4.5,2,1,60,1,21.274288,-157.817966,31:03.0
8612647,45093006,Entire home/apt,,5,0,,,3,580,7,21.293902,-157.850113,30:51.8
4791503,24695894,Entire home/apt,,2,2,5,,3,200,3,21.575192,-158.159037,30:48.7
2655673,10751047,Entire home/apt,,3,57,4.5,4,1,180,1,21.388333,-157.804328,30:36.7
8559683,42732356,Entire home/apt,,4,5,5,2,0,79,1,21.284928,-157.834034,30:33.3
4774436,24624590,Entire home/apt,,9,20,4.5,5,2,220,2,21.314493,-157.992452,30:31.3
861102,676697,Entire home/apt,,4,2,1.5,4,2,130,30,21.277605,-157.824058,30:09.1
2183107,11160772,Entire home/apt,,1,6,5,,3,499,6,21.336316,-158.122271,30:07.2
9737745,9337324,Entire home/apt,,4,1,5,4,0,165,1,21.275215,-157.819795,30:03.9
6665441,33380091,Entire home/apt,,4,0,,2,1,210,1,21.27558,-157.820182,29:59.5
6493496,17264457,Entire home/apt,,3,5,5,4,0,135,5,21.400879,-157.7437,29:57.7
583315,2874260,Private room,,2,0,,4,1,350,7,21.669835,-158.044037,29:55.9
2918291,2576932,Entire home/apt,,4,4,4.5,3,1,222,3,21.281583,-157.827641,29:52.8
7940002,41576315,Private room,,5,14,5,2,1,128,1,21.29718,-157.852184,29:50.8
3051285,15274083,Entire home/apt,,4,0,,4,1,214,7,21.285182,-157.830894,29:45.5
1846594,8551876,Entire home/apt,,4,22,4.5,4,1,130,,21.283334,-157.837566,29:42.6
529432,2415582,Entire home/apt,,4,1,5,2,0,125,6,21.280614,-157.826628,29:21.6
5078566,1596819,Entire home/apt,,6,7,4.5,2,1,110,1,21.306393,-157.847903,29:06.1
9279655,48189124,Entire home/apt,,4,8,4.5,2,0,94,1,21.286955,-157.832083,28:55.1
4157152,11763720,Entire home/apt,,4,31,4.5,2,0,110,1,21.275288,-157.82366,28:31.3
6627812,1209417,Entire home/apt,,1,3,5,4,2,145,1,21.333312,-158.071588,28:24.3
971203,5308214,Entire home/apt,,3,69,5,2,1,199,2,21.401719,-157.741736,28:16.1
2256851,1740542,Entire home/apt,,1,17,3.5,,2,105,2,21.481392,-158.204245,28:03.4
10212821,52353356,Entire home/apt,,2,1,4,2,1,115,7,21.583874,-158.138537,27:59.9
6510524,461037,Entire home/apt,,2,1,5,,3,450,3,21.6597,-158.055707,27:36.5
932996,5029415,Private room,,5,50,4,3,1,69,3,21.296496,-157.794176,27:04.0
2906302,14846914,Private room,,5,29,5,1,1,56,3,21.2841,-157.811319,27:00.3
1066891,5870031,Entire home/apt,,3,64,5,2,0,143,2,21.394937,-157.731184,26:56.5
6705928,34946956,Entire home/apt,,4,8,4.5,2,0,120,2,21.277919,-157.824796,26:54.2
10945756,40240788,Entire home/apt,,4,1,5,4,1,150,2,21.28174,-157.825212,26:52.0
418051,2078447,Entire home/apt,,9,65,5,4,2,250,1,21.310632,-158.005372,26:48.6
2755253,14093442,Entire home/apt,,4,91,5,4,1,145,1,21.283397,-157.831405,26:38.7
3220245,2349948,Entire home/apt,,4,59,4,2,0,99,2,21.27544,-157.823841,26:35.9
583302,2874260,Shared room,,2,13,5,4,1,62,5,21.669898,-158.043045,26:33.6
8408088,30980785,Entire home/apt,,4,2,3,,3,900,7,21.276715,-157.762521,26:29.5
9920634,51001161,Entire home/apt,,1,1,5,,4,295,30,21.366947,-158.082579,26:05.5
570414,676697,Entire home/apt,,4,4,4,5,2,143,7,21.277947,-157.821713,26:02.9
3466462,16450594,Entire home/apt,,2,11,4,,3,293,3,21.603591,-157.908031,25:53.8
239370,1255224,Entire home/apt,,4,31,4.5,4,1,168,2,21.276456,-157.822765,25:43.7
5138295,26567464,Entire home/apt,,4,18,5,5,2,324,3,21.310006,-157.672521,25:40.2
5726303,29688008,Private room,,3,0,,4,1,500,1,21.427447,-157.793797,25:26.4
4136901,21461017,Entire home/apt,,5,12,4.5,2,1,72,5,21.281251,-157.813795,25:14.7
5793842,30058352,Private room,,9,37,5,2,1,59,1,21.433292,-158.015262,25:10.6
2352359,11937380,Private room,,4,46,5,2,1,160,2,21.271802,-157.704529,24:52.3
2314868,11820639,Private room,,3,5,5,2,1,205,4,21.412316,-157.744384,24:48.0
6665462,33380091,Entire home/apt,,4,0,,4,1,220,1,21.275739,-157.821076,24:42.0
6316908,461037,Entire home/apt,,1,0,,,3,580,6,21.334304,-158.122031,24:32.3
8814482,11481260,Entire home/apt,,6,0,,4,1,199,3,21.308548,-157.860486,24:28.1
1135704,3970342,Private room,,2,18,4,3,1,99,2,21.700296,-157.993279,24:22.2
488274,2415582,Entire home/apt,,1,3,4,2,0,120,6,21.299927,-158.103684,24:18.9
2393986,13894229,Entire home/apt,,2,21,5,,3,285,5,21.554791,-157.854604,24:16.4
6601578,34536998,Private room,,9,0,,3,1,57,2,21.438975,-158.00806,24:03.0
10542640,54364761,Entire home/apt,,3,2,4.5,3,0,90,1,21.399095,-157.735772,23:59.4
6812826,35667907,Entire home/apt,,2,0,,,4,523,6,21.587029,-158.113843,23:48.2
8522791,706371,Entire home/apt,,4,0,,,2,399,5,21.284083,-157.837946,23:37.9
8429041,27131231,Entire home/apt,,4,2,3.5,,1,280,1,21.275689,-157.820189,23:23.3
10773485,43793840,Entire home/apt,,4,4,5,2,0,89,2,21.272932,-157.82146,23:16.6
5448155,15652222,Entire home/apt,,1,5,5,,3,525,6,21.335254,-158.122429,23:10.1
9188426,44201399,Entire home/apt,,2,1,,,6,1409,,21.663689,-157.936241,23:06.3
8489768,13015695,Private room,,6,24,4.5,3,1,55,1,21.359197,-157.854119,22:56.0
8613490,43532519,Entire home/apt,,2,0,,,5,565,4,21.621057,-157.91484,22:50.0
9628335,49799651,Private room,,4,11,5,2,1,70,1,21.286105,-157.831317,22:46.5
10551563,42705922,Entire home/apt,,4,1,4,2,0,80,3,21.286159,-157.833691,22:44.3
322914,461037,Entire home/apt,,2,4,4.5,4,2,180,5,21.699415,-157.994444,21:20.9
1978125,9384967,Entire home/apt,,1,43,5,,3,289,5,21.320507,-158.020705,21:16.1
2212024,11284178,Entire home/apt,,3,2,4,,5,773,6,21.391817,-157.717778,21:09.6
10179268,21384555,Entire home/apt,,4,2,4,,1,135,1,21.276641,-157.820535,21:03.0
6435458,16113256,Entire home/apt,,4,20,4.5,2,0,100,3,21.284675,-157.833963,20:59.2
2710380,8900546,Private room,,6,31,4.5,3,1,85,2,21.316758,-157.849308,20:48.7
6887991,2783824,Entire home/apt,,4,21,4.5,3,0,128,1,21.285001,-157.835889,20:43.2
5671479,14898273,Entire home/apt,,3,1,5,,4,915,3,21.340217,-157.700359,20:41.1
210168,1036212,Private room,,3,80,4.5,2,1,75,1,21.402285,-157.739781,20:32.5
6271795,14208711,Entire home/apt,,4,22,4.5,3,0,142,1,21.286012,-157.839762,20:26.3
3923766,20326256,Private room,,3,84,4.5,2,1,70,1,21.427962,-157.748458,20:23.1
7688935,40381287,Entire home/apt,,1,1,5,,3,300,10,21.342031,-158.117684,20:13.8
4582947,7054805,Entire home/apt,,4,11,4,,1,229,5,21.279674,-157.832429,20:10.0
2621036,706371,Entire home/apt,,4,2,5,4,1,209,3,21.290421,-157.840328,20:02.6
3656768,5402892,Private room,,3,32,5,4,1,85,30,21.413572,-157.817803,19:58.9
8638407,45414522,Entire home/apt,,2,2,5,,5,500,,21.635417,-157.918664,19:39.1
7236452,33083345,Private room,,9,26,4.5,3,1,70,1,21.333017,-158.011951,19:36.9
10311361,34884725,Shared room,,4,0,,1,1,68,1,21.289077,-157.693587,19:33.7
6665507,33380091,Entire home/apt,,4,0,,4,1,120,,21.275334,-157.821998,19:30.6
10600419,54691250,Private room,,5,4,5,2,1,75,2,21.287075,-157.821767,19:09.9
9903840,45388803,Entire home/apt,,4,1,5,4,1,135,1,21.275083,-157.820977,19:07.7
5637567,18251510,Entire home/apt,,1,0,,,6,700,5,21.461504,-158.209017,19:06.0
4886632,984502,Private room,,2,18,4.5,3,1,100,1,21.65016,-158.044985,19:03.7
8968027,5448114,Entire home/apt,,4,7,5,2,0,90,4,21.287189,-157.833499,19:00.9
10308703,52989506,Entire home/apt,,1,1,4,,2,99,4,21.383455,-158.14728,18:57.4
711800,3416690,Private room,,1,2,5,1,1,55,1,21.439363,-158.156337,18:53.4
9200924,47857744,Private room,,1,0,,2,1,134,1,21.406573,-158.163383,18:43.2
9957333,51050875,Entire home/apt,,4,0,,4,0,249,1,21.278879,-157.830276,18:35.1
9141192,47435444,Entire home/apt,,2,0,,4,1,180,4,21.701377,-157.993384,18:28.1
2055108,10525494,Entire home/apt,,5,43,5,2,0,119,3,21.293802,-157.806679,18:16.7
11121346,57782544,Entire home/apt,,2,0,,4,1,100,3,21.680334,-158.03375,18:13.0
562172,770461,Entire home/apt,,5,1,5,2,1,150,1,21.305415,-157.823869,18:04.3
9350345,2576932,Entire home/apt,,4,2,5,,2,345,1,21.280098,-157.826718,17:50.4
7676844,40311616,Private room,,9,8,5,2,1,52,1,21.357608,-158.026305,17:35.5
10297414,3077371,Entire home/apt,,1,1,5,,3,389,7,21.335809,-158.118379,17:25.8
5422194,6929255,Entire home/apt,,2,10,4.5,,2,209,30,21.581294,-158.139107,17:23.0
9684158,50009366,Private room,,5,1,5,2,1,45,1,21.286557,-157.822961,17:19.8
10932304,49457265,Entire home/apt,,3,0,,,3,239,4,21.378118,-157.741468,17:16.3
10267501,52578231,Entire home/apt,,4,2,2.5,,2,188,1,21.278319,-157.821471,17:14.3
7809840,30079090,Private room,,3,0,,2,1,135,7,21.416983,-157.744678,17:00.2
8906276,46582887,Private room,,9,0,,2,1,200,1,21.318951,-157.979623,16:58.7
2823802,10074001,Entire home/apt,,2,4,4.5,,3,250,3,21.606385,-157.913115,16:38.3
5629351,29174151,Private room,,2,44,5,2,1,139,2,21.604308,-157.90053,16:35.1
66078,88829,Private room,,5,26,5,2,1,65,4,21.319389,-157.801594,16:32.4
5572724,28893650,Entire home/apt,,4,23,5,4,1,149,1,21.276875,-157.822291,16:23.7
7701219,6152329,Entire home/apt,,4,0,,4,2,320,30,21.272995,-157.818949,16:20.7
9684817,40154535,Private room,,5,3,5,2,1,65,2,21.317912,-157.804528,16:05.2
10155297,6503685,Private room,,5,2,5,2,1,48,2,21.297398,-157.793351,15:58.2
6665594,33380091,Entire home/apt,,4,0,,6,1,190,1,21.27557,-157.820209,15:55.7
6250931,9771673,Entire home/apt,,4,0,,2,0,115,1,21.278583,-157.822539,15:44.1
3986979,14898273,Entire home/apt,,3,2,5,,3,375,3,21.401032,-157.750695,15:34.5
11392857,5357368,Private room,,4,1,2,3,1,59,1,21.276963,-157.822963,15:30.9
583095,2872572,Entire home/apt,,1,3,5,,2,475,6,21.334863,-158.120349,15:28.9
4336079,19252004,Private room,,4,61,4.5,2,1,85,1,21.273,-157.821458,15:18.5
,,,,,,,,,,,,,
,,,,,,,,,,,,,
,,,,,,,,,,,,,
,,,,,,,,,,,,,
,,,,,,,,,,,,,
,,,,,,,,,,,,,
,,,,,,,,,,,,,
,,,,,,,,,,,,,
,,,,,,,,,,,,,
,,,,,,,,,,,,,
,,,,,,,,,,,,,
,,,,,,,,,,,,,
,,,,,,,,,,,,,
,,,,,,,,,,,,,
,,,,,,,,,,,,,
,,,,,,,,,,,,,
,,,,,,,,,,,,,
,,,,,,,,,,,,,
,,,,,,,,,,,,,
,,,,,,,,,,,,,
,,,,,,,,,,,,,
,,,,,,,,,,,,,
,,,,,,,,,,,,,
,,,,,,,,,,,,,
,,,,,,,,,,,,,
,,,,,,,,,,,,,
,,,,,,,,,,,,,
,,,,,,,,,,,,,
,,,,,,,,,,,,,
,,,,,,,,,,,,,
,,,,,,,,,,,,,
,,,,,,,,,,,,,
,,,,,,,,,,,,,
,,,,,,,,,,,,,
,,,,,,,,,,,,,
,,,,,,,,,,,,,
,,,,,,,,,,,,,
,,,,,,,,,,,,,
,,,,,,,,,,,,,
,,,,,,,,,,,,,
,,,,,,,,,,,,,
,,,,,,,,,,,,,
,,,,,,,,,,,,,
,,,,,,,,,,,,,
,,,,,,,,,,,,,
,,,,,,,,,,,,,
,,,,,,,,,,,,,
,,,,,,,,,,,,,
,,,,,,,,,,,,,
,,,,,,,,,,,,,
,,,,,,,,,,,,,
,,,,,,,,,,,,,
,,,,,,,,,,,,,
,,,,,,,,,,,,,
,,,,,,,,,,,,,
,,,,,,,,,,,,,
,,,,,,,,,,,,,
,,,,,,,,,,,,,
,,,,,,,,,,,,,
,,,,,,,,,,,,,
,,,,,,,,,,,,,
,,,,,,,,,,,,,
,,,,,,,,,,,,,
,,,,,,,,,,,,,
,,,,,,,,,,,,,
,,,,,,,,,,,,,
,,,,,,,,,,,,,
,,,,,,,,,,,,,
,,,,,,,,,,,,,
,,,,,,,,,,,,,
,,,,,,,,,,,,,
,,,,,,,,,,,,,
,,,,,,,,,,,,,
,,,,,,,,,,,,,
,,,,,,,,,,,,,
,,,,,,,,,,,,,
,,,,,,,,,,,,,
,,,,,,,,,,,,,
,,,,,,,,,,,,,
,,,,,,,,,,,,,
,,,,,,,,,,,,,
,,,,,,,,,,,,,
,,,,,,,,,,,,,
,,,,,,,,,,,,,
,,,,,,,,,,,,,
,,,,,,,,,,,,,
,,,,,,,,,,,,,
,,,,,,,,,,,,,
,,,,,,,,,,,,,
,,,,,,,,,,,,,
,,,,,,,,,,,,,
,,,,,,,,,,,,,
,,,,,,,,,,,,,
,,,,,,,,,,,,,
,,,,,,,,,,,,,
,,,,,,,,,,,,,
,,,,,,,,,,,,,
,,,,,,,,,,,,,
,,,,,,,,,,,,,
,,,,,,,,,,,,,
,,,,,,,,,,,,,
,,,,,,,,,,,,,
,,,,,,,,,,,,,
,,,,,,,,,,,,,
,,,,,,,,,,,,,
,,,,,,,,,,,,,
,,,,,,,,,,,,,
,,,,,,,,,,,,,
,,,,,,,,,,,,,
,,,,,,,,,,,,,
,,,,,,,,,,,,,
,,,,,,,,,,,,,
,,,,,,,,,,,,,
,,,,,,,,,,,,,
,,,,,,,,,,,,,
,,,,,,,,,,,,,
,,,,,,,,,,,,,
,,,,,,,,,,,,,
,,,,,,,,,,,,,
,,,,,,,,,,,,,
,,,,,,,,,,,,,
,,,,,,,,,,,,,
,,,,,,,,,,,,,
,,,,,,,,,,,,,
,,,,,,,,,,,,,
,,,,,,,,,,,,,
,,,,,,,,,,,,,
,,,,,,,,,,,,,
,,,,,,,,,,,,,
,,,,,,,,,,,,,
,,,,,,,,,,,,,
,,,,,,,,,,,,,
,,,,,,,,,,,,,
,,,,,,,,,,,,,
,,,,,,,,,,,,,
,,,,,,,,,,,,,
,,,,,,,,,,,,,
,,,,,,,,,,,,,
,,,,,,,,,,,,,
,,,,,,,,,,,,,
,,,,,,,,,,,,,
,,,,,,,,,,,,,
,,,,,,,,,,,,,
,,,,,,,,,,,,,
,,,,,,,,,,,,,
,,,,,,,,,,,,,
,,,,,,,,,,,,,
,,,,,,,,,,,,,
,,,,,,,,,,,,,
,,,,,,,,,,,,,
,,,,,,,,,,,,,
,,,,,,,,,,,,,
,,,,,,,,,,,,,
,,,,,,,,,,,,,
,,,,,,,,,,,,,
,,,,,,,,,,,,,
,,,,,,,,,,,,,
,,,,,,,,,,,,,
,,,,,,,,,,,,,
,,,,,,,,,,,,,
,,,,,,,,,,,,,
,,,,,,,,,,,,,
,,,,,,,,,,,,,
,,,,,,,,,,,,,
,,,,,,,,,,,,,
,,,,,,,,,,,,,
,,,,,,,,,,,,,
,,,,,,,,,,,,,
,,,,,,,,,,,,,
,,,,,,,,,,,,,
,,,,,,,,,,,,,
,,,,,,,,,,,,,
,,,,,,,,,,,,,
,,,,,,,,,,,,,
,,,,,,,,,,,,,
,,,,,,,,,,,,,
,,,,,,,,,,,,,
,,,,,,,,,,,,,
,,,,,,,,,,,,,
,,,,,,,,,,,,,
,,,,,,,,,,,,,
,,,,,,,,,,,,,
,,,,,,,,,,,,,
,,,,,,,,,,,,,
,,,,,,,,,,,,,
,,,,,,,,,,,,,
,,,,,,,,,,,,,
,,,,,,,,,,,,,
,,,,,,,,,,,,,
,,,,,,,,,,,,,
,,,,,,,,,,,,,
,,,,,,,,,,,,,
,,,,,,,,,,,,,
,,,,,,,,,,,,,
,,,,,,,,,,,,,
,,,,,,,,,,,,,
,,,,,,,,,,,,,
,,,,,,,,,,,,,
,,,,,,,,,,,,,
,,,,,,,,,,,,,
,,,,,,,,,,,,,
,,,,,,,,,,,,,
,,,,,,,,,,,,,
,,,,,,,,,,,,,
,,,,,,,,,,,,,
,,,,,,,,,,,,,
,,,,,,,,,,,,,
,,,,,,,,,,,,,
,,,,,,,,,,,,,
,,,,,,,,,,,,,
,,,,,,,,,,,,,
,,,,,,,,,,,,,
,,,,,,,,,,,,,
,,,,,,,,,,,,,
,,,,,,,,,,,,,
,,,,,,,,,,,,,
,,,,,,,,,,,,,
,,,,,,,,,,,,,
,,,,,,,,,,,,,
,,,,,,,,,,,,,
,,,,,,,,,,,,,
,,,,,,,,,,,,,
,,,,,,,,,,,,,
,,,,,,,,,,,,,
,,,,,,,,,,,,,
,,,,,,,,,,,,,
,,,,,,,,,,,,,
,,,,,,,,,,,,,
,,,,,,,,,,,,,
,,,,,,,,,,,,,
,,,,,,,,,,,,,
,,,,,,,,,,,,,
,,,,,,,,,,,,,
,,,,,,,,,,,,,
,,,,,,,,,,,,,
,,,,,,,,,,,,,
,,,,,,,,,,,,,
,,,,,,,,,,,,,
,,,,,,,,,,,,,
,,,,,,,,,,,,,
,,,,,,,,,,,,,
,,,,,,,,,,,,,
,,,,,,,,,,,,,
,,,,,,,,,,,,,
,,,,,,,,,,,,,
,,,,,,,,,,,,,
,,,,,,,,,,,,,
,,,,,,,,,,,,,
,,,,,,,,,,,,,
,,,,,,,,,,,,,
,,,,,,,,,,,,,
,,,,,,,,,,,,,
,,,,,,,,,,,,,
,,,,,,,,,,,,,
,,,,,,,,,,,,,
,,,,,,,,,,,,,
,,,,,,,,,,,,,
,,,,,,,,,,,,,
,,,,,,,,,,,,,
,,,,,,,,,,,,,
,,,,,,,,,,,,,
,,,,,,,,,,,,,
,,,,,,,,,,,,,
,,,,,,,,,,,,,
,,,,,,,,,,,,,
,,,,,,,,,,,,,
,,,,,,,,,,,,,
,,,,,,,,,,,,,
,,,,,,,,,,,,,
,,,,,,,,,,,,,
,,,,,,,,,,,,,
,,,,,,,,,,,,,
,,,,,,,,,,,,,
,,,,,,,,,,,,,
,,,,,,,,,,,,,
,,,,,,,,,,,,,
,,,,,,,,,,,,,
,,,,,,,,,,,,,
,,,,,,,,,,,,,
,,,,,,,,,,,,,
,,,,,,,,,,,,,
,,,,,,,,,,,,,
,,,,,,,,,,,,,
,,,,,,,,,,,,,
,,,,,,,,,,,,,
,,,,,,,,,,,,,
,,,,,,,,,,,,,
,,,,,,,,,,,,,
,,,,,,,,,,,,,
,,,,,,,,,,,,,
,,,,,,,,,,,,,
,,,,,,,,,,,,,
,,,,,,,,,,,,,
,,,,,,,,,,,,,
,,,,,,,,,,,,,
,,,,,,,,,,,,,
,,,,,,,,,,,,,
,,,,,,,,,,,,,
,,,,,,,,,,,,,
,,,,,,,,,,,,,
,,,,,,,,,,,,,
,,,,,,,,,,,,,
,,,,,,,,,,,,,
,,,,,,,,,,,,,
,,,,,,,,,,,,,
,,,,,,,,,,,,,
,,,,,,,,,,,,,
,,,,,,,,,,,,,
,,,,,,,,,,,,,
,,,,,,,,,,,,,
,,,,,,,,,,,,,
,,,,,,,,,,,,,
,,,,,,,,,,,,,
,,,,,,,,,,,,,
,,,,,,,,,,,,,
,,,,,,,,,,,,,
,,,,,,,,,,,,,
,,,,,,,,,,,,,
,,,,,,,,,,,,,
,,,,,,,,,,,,,
,,,,,,,,,,,,,
,,,,,,,,,,,,,
,,,,,,,,,,,,,
,,,,,,,,,,,,,
,,,,,,,,,,,,,
,,,,,,,,,,,,,
,,,,,,,,,,,,,
,,,,,,,,,,,,,
,,,,,,,,,,,,,
,,,,,,,,,,,,,
,,,,,,,,,,,,,
,,,,,,,,,,,,,
,,,,,,,,,,,,,
,,,,,,,,,,,,,
,,,,,,,,,,,,,
,,,,,,,,,,,,,
,,,,,,,,,,,,,
,,,,,,,,,,,,,
,,,,,,,,,,,,,
,,,,,,,,,,,,,
,,,,,,,,,,,,,
,,,,,,,,,,,,,
,,,,,,,,,,,,,
,,,,,,,,,,,,,
,,,,,,,,,,,,,
,,,,,,,,,,,,,
,,,,,,,,,,,,,
,,,,,,,,,,,,,
,,,,,,,,,,,,,
,,,,,,,,,,,,,
,,,,,,,,,,,,,
,,,,,,,,,,,,,
,,,,,,,,,,,,,
,,,,,,,,,,,,,
,,,,,,,,,,,,,
,,,,,,,,,,,,,
,,,,,,,,,,,,,
,,,,,,,,,,,,,
,,,,,,,,,,,,,
,,,,,,,,,,,,,
,,,,,,,,,,,,,
,,,,,,,,,,,,,
,,,,,,,,,,,,,
,,,,,,,,,,,,,
,,,,,,,,,,,,,
,,,,,,,,,,,,,
,,,,,,,,,,,,,
,,,,,,,,,,,,,
,,,,,,,,,,,,,
,,,,,,,,,,,,,
,,,,,,,,,,,,,
,,,,,,,,,,,,,
,,,,,,,,,,,,,
,,,,,,,,,,,,,
,,,,,,,,,,,,,
,,,,,,,,,,,,,
,,,,,,,,,,,,,
,,,,,,,,,,,,,
,,,,,,,,,,,,,
,,,,,,,,,,,,,
,,,,,,,,,,,,,
,,,,,,,,,,,,,
,,,,,,,,,,,,,
,,,,,,,,,,,,,
,,,,,,,,,,,,,
,,,,,,,,,,,,,
,,,,,,,,,,,,,
,,,,,,,,,,,,,
,,,,,,,,,,,,,
,,,,,,,,,,,,,
,,,,,,,,,,,,,
,,,,,,,,,,,,,
,,,,,,,,,,,,,
,,,,,,,,,,,,,
,,,,,,,,,,,,,
,,,,,,,,,,,,,
,,,,,,,,,,,,,
,,,,,,,,,,,,,
,,,,,,,,,,,,,
,,,,,,,,,,,,,
,,,,,,,,,,,,,
,,,,,,,,,,,,,
,,,,,,,,,,,,,
,,,,,,,,,,,,,
,,,,,,,,,,,,,
,,,,,,,,,,,,,
,,,,,,,,,,,,,
,,,,,,,,,,,,,
,,,,,,,,,,,,,
,,,,,,,,,,,,,
,,,,,,,,,,,,,
,,,,,,,,,,,,,
,,,,,,,,,,,,,
,,,,,,,,,,,,,
,,,,,,,,,,,,,
,,,,,,,,,,,,,
,,,,,,,,,,,,,
,,,,,,,,,,,,,
,,,,,,,,,,,,,
,,,,,,,,,,,,,
,,,,,,,,,,,,,
,,,,,,,,,,,,,
,,,,,,,,,,,,,
,,,,,,,,,,,,,
,,,,,,,,,,,,,
,,,,,,,,,,,,,
,,,,,,,,,,,,,
,,,,,,,,,,,,,
,,,,,,,,,,,,,
,,,,,,,,,,,,,
,,,,,,,,,,,,,
,,,,,,,,,,,,,
,,,,,,,,,,,,,
,,,,,,,,,,,,,
,,,,,,,,,,,,,
,,,,,,,,,,,,,
,,,,,,,,,,,,,
,,,,,,,,,,,,,
,,,,,,,,,,,,,
,,,,,,,,,,,,,
,,,,,,,,,,,,,
,,,,,,,,,,,,,
,,,,,,,,,,,,,
,,,,,,,,,,,,,
,,,,,,,,,,,,,
,,,,,,,,,,,,,
,,,,,,,,,,,,,
,,,,,,,,,,,,,
,,,,,,,,,,,,,
,,,,,,,,,,,,,
,,,,,,,,,,,,,
,,,,,,,,,,,,,
,,,,,,,,,,,,,
,,,,,,,,,,,,,
,,,,,,,,,,,,,
,,,,,,,,,,,,,
,,,,,,,,,,,,,
,,,,,,,,,,,,,
,,,,,,,,,,,,,
,,,,,,,,,,,,,
,,,,,,,,,,,,,
,,,,,,,,,,,,,
,,,,,,,,,,,,,
,,,,,,,,,,,,,
,,,,,,,,,,,,,
,,,,,,,,,,,,,
,,,,,,,,,,,,,
,,,,,,,,,,,,,
,,,,,,,,,,,,,
,,,,,,,,,,,,,
,,,,,,,,,,,,,
,,,,,,,,,,,,,
,,,,,,,,,,,,,
,,,,,,,,,,,,,
,,,,,,,,,,,,,
,,,,,,,,,,,,,
,,,,,,,,,,,,,
,,,,,,,,,,,,,
,,,,,,,,,,,,,
,,,,,,,,,,,,,
,,,,,,,,,,,,,
,,,,,,,,,,,,,
,,,,,,,,,,,,,
,,,,,,,,,,,,,
,,,,,,,,,,,,,
,,,,,,,,,,,,,
,,,,,,,,,,,,,
,,,,,,,,,,,,,
,,,,,,,,,,,,,
,,,,,,,,,,,,,
,,,,,,,,,,,,,
,,,,,,,,,,,,,
,,,,,,,,,,,,,
,,,,,,,,,,,,,
,,,,,,,,,,,,,
,,,,,,,,,,,,,
,,,,,,,,,,,,,
,,,,,,,,,,,,,
,,,,,,,,,,,,,
,,,,,,,,,,,,,
,,,,,,,,,,,,,
,,,,,,,,,,,,,
,,,,,,,,,,,,,
,,,,,,,,,,,,,
,,,,,,,,,,,,,
,,,,,,,,,,,,,
,,,,,,,,,,,,,
,,,,,,,,,,,,,
,,,,,,,,,,,,,
,,,,,,,,,,,,,
,,,,,,,,,,,,,
,,,,,,,,,,,,,
,,,,,,,,,,,,,
,,,,,,,,,,,,,
,,,,,,,,,,,,,
,,,,,,,,,,,,,
,,,,,,,,,,,,,
,,,,,,,,,,,,,
,,,,,,,,,,,,,
,,,,,,,,,,,,,
,,,,,,,,,,,,,
,,,,,,,,,,,,,
,,,,,,,,,,,,,
,,,,,,,,,,,,,
,,,,,,,,,,,,,
,,,,,,,,,,,,,
,,,,,,,,,,,,,
,,,,,,,,,,,,,
,,,,,,,,,,,,,
,,,,,,,,,,,,,
,,,,,,,,,,,,,
,,,,,,,,,,,,,
,,,,,,,,,,,,,
,,,,,,,,,,,,,
,,,,,,,,,,,,,
,,,,,,,,,,,,,
,,,,,,,,,,,,,
,,,,,,,,,,,,,
,,,,,,,,,,,,,
,,,,,,,,,,,,,
,,,,,,,,,,,,,
,,,,,,,,,,,,,
,,,,,,,,,,,,,
,,,,,,,,,,,,,
,,,,,,,,,,,,,
,,,,,,,,,,,,,
,,,,,,,,,,,,,
,,,,,,,,,,,,,
,,,,,,,,,,,,,
,,,,,,,,,,,,,
,,,,,,,,,,,,,
,,,,,,,,,,,,,
,,,,,,,,,,,,,
,,,,,,,,,,,,,
,,,,,,,,,,,,,
,,,,,,,,,,,,,
,,,,,,,,,,,,,
,,,,,,,,,,,,,
,,,,,,,,,,,,,
,,,,,,,,,,,,,
,,,,,,,,,,,,,
,,,,,,,,,,,,,
,,,,,,,,,,,,,
,,,,,,,,,,,,,
,,,,,,,,,,,,,
,,,,,,,,,,,,,
,,,,,,,,,,,,,
,,,,,,,,,,,,,
,,,,,,,,,,,,,
,,,,,,,,,,,,,
,,,,,,,,,,,,,
,,,,,,,,,,,,,
,,,,,,,,,,,,,
,,,,,,,,,,,,,
,,,,,,,,,,,,,
,,,,,,,,,,,,,
,,,,,,,,,,,,,
,,,,,,,,,,,,,
,,,,,,,,,,,,,
,,,,,,,,,,,,,
,,,,,,,,,,,,,
,,,,,,,,,,,,,
,,,,,,,,,,,,,
,,,,,,,,,,,,,
,,,,,,,,,,,,,
,,,,,,,,,,,,,
,,,,,,,,,,,,,
,,,,,,,,,,,,,
,,,,,,,,,,,,,
,,,,,,,,,,,,,
,,,,,,,,,,,,,
,,,,,,,,,,,,,
,,,,,,,,,,,,,
,,,,,,,,,,,,,
,,,,,,,,,,,,,
,,,,,,,,,,,,,
,,,,,,,,,,,,,
,,,,,,,,,,,,,
,,,,,,,,,,,,,
,,,,,,,,,,,,,
,,,,,,,,,,,,,
,,,,,,,,,,,,,
,,,,,,,,,,,,,
,,,,,,,,,,,,,
,,,,,,,,,,,,,
,,,,,,,,,,,,,
,,,,,,,,,,,,,
,,,,,,,,,,,,,
,,,,,,,,,,,,,
,,,,,,,,,,,,,
,,,,,,,,,,,,,
,,,,,,,,,,,,,
,,,,,,,,,,,,,
,,,,,,,,,,,,,
,,,,,,,,,,,,,
,,,,,,,,,,,,,
,,,,,,,,,,,,,
,,,,,,,,,,,,,
,,,,,,,,,,,,,
,,,,,,,,,,,,,
,,,,,,,,,,,,,
,,,,,,,,,,,,,
,,,,,,,,,,,,,
,,,,,,,,,,,,,
,,,,,,,,,,,,,
,,,,,,,,,,,,,
,,,,,,,,,,,,,
,,,,,,,,,,,,,
,,,,,,,,,,,,,
,,,,,,,,,,,,,
,,,,,,,,,,,,,
,,,,,,,,,,,,,
,,,,,,,,,,,,,
,,,,,,,,,,,,,
,,,,,,,,,,,,,
,,,,,,,,,,,,,
,,,,,,,,,,,,,
,,,,,,,,,,,,,
,,,,,,,,,,,,,
,,,,,,,,,,,,,
,,,,,,,,,,,,,
,,,,,,,,,,,,,
,,,,,,,,,,,,,
,,,,,,,,,,,,,
,,,,,,,,,,,,,
,,,,,,,,,,,,,
,,,,,,,,,,,,,
,,,,,,,,,,,,,
,,,,,,,,,,,,,
,,,,,,,,,,,,,
,,,,,,,,,,,,,
,,,,,,,,,,,,,
,,,,,,,,,,,,,
,,,,,,,,,,,,,
,,,,,,,,,,,,,
,,,,,,,,,,,,,
,,,,,,,,,,,,,
,,,,,,,,,,,,,
,,,,,,,,,,,,,
,,,,,,,,,,,,,
,,,,,,,,,,,,,
,,,,,,,,,,,,,
,,,,,,,,,,,,,
,,,,,,,,,,,,,
,,,,,,,,,,,,,
,,,,,,,,,,,,,
,,,,,,,,,,,,,
,,,,,,,,,,,,,
,,,,,,,,,,,,,
,,,,,,,,,,,,,
,,,,,,,,,,,,,
,,,,,,,,,,,,,
,,,,,,,,,,,,,
,,,,,,,,,,,,,
,,,,,,,,,,,,,
,,,,,,,,,,,,,
,,,,,,,,,,,,,
,,,,,,,,,,,,,
,,,,,,,,,,,,,
,,,,,,,,,,,,,
,,,,,,,,,,,,,
,,,,,,,,,,,,,
,,,,,,,,,,,,,
,,,,,,,,,,,,,
,,,,,,,,,,,,,
,,,,,,,,,,,,,
,,,,,,,,,,,,,
,,,,,,,,,,,,,
,,,,,,,,,,,,,
,,,,,,,,,,,,,
,,,,,,,,,,,,,
,,,,,,,,,,,,,
,,,,,,,,,,,,,
,,,,,,,,,,,,,
,,,,,,,,,,,,,
,,,,,,,,,,,,,
,,,,,,,,,,,,,
,,,,,,,,,,,,,
,,,,,,,,,,,,,
,,,,,,,,,,,,,
,,,,,,,,,,,,,
,,,,,,,,,,,,,
,,,,,,,,,,,,,
,,,,,,,,,,,,,
,,,,,,,,,,,,,
,,,,,,,,,,,,,
,,,,,,,,,,,,,
,,,,,,,,,,,,,
,,,,,,,,,,,,,
,,,,,,,,,,,,,
,,,,,,,,,,,,,
,,,,,,,,,,,,,
,,,,,,,,,,,,,
,,,,,,,,,,,,,
,,,,,,,,,,,,,
,,,,,,,,,,,,,
,,,,,,,,,,,,,
,,,,,,,,,,,,,
,,,,,,,,,,,,,
,,,,,,,,,,,,,
,,,,,,,,,,,,,
,,,,,,,,,,,,,
,,,,,,,,,,,,,
,,,,,,,,,,,,,
,,,,,,,,,,,,,
,,,,,,,,,,,,,
,,,,,,,,,,,,,
,,,,,,,,,,,,,
,,,,,,,,,,,,,
,,,,,,,,,,,,,
,,,,,,,,,,,,,
,,,,,,,,,,,,,
,,,,,,,,,,,,,
,,,,,,,,,,,,,
,,,,,,,,,,,,,
,,,,,,,,,,,,,
,,,,,,,,,,,,,
,,,,,,,,,,,,,
,,,,,,,,,,,,,
,,,,,,,,,,,,,
,,,,,,,,,,,,,
,,,,,,,,,,,,,
,,,,,,,,,,,,,
,,,,,,,,,,,,,
,,,,,,,,,,,,,
,,,,,,,,,,,,,
,,,,,,,,,,,,,
,,,,,,,,,,,,,
,,,,,,,,,,,,,
,,,,,,,,,,,,,
,,,,,,,,,,,,,
,,,,,,,,,,,,,
,,,,,,,,,,,,,
,,,,,,,,,,,,,
,,,,,,,,,,,,,
,,,,,,,,,,,,,
,,,,,,,,,,,,,
,,,,,,,,,,,,,
,,,,,,,,,,,,,
,,,,,,,,,,,,,
,,,,,,,,,,,,,
,,,,,,,,,,,,,
,,,,,,,,,,,,,
,,,,,,,,,,,,,
,,,,,,,,,,,,,
,,,,,,,,,,,,,
,,,,,,,,,,,,,
,,,,,,,,,,,,,
,,,,,,,,,,,,,
,,,,,,,,,,,,,
,,,,,,,,,,,,,
,,,,,,,,,,,,,
,,,,,,,,,,,,,
,,,,,,,,,,,,,
,,,,,,,,,,,,,
,,,,,,,,,,,,,
,,,,,,,,,,,,,
,,,,,,,,,,,,,
,,,,,,,,,,,,,
,,,,,,,,,,,,,
,,,,,,,,,,,,,
,,,,,,,,,,,,,
,,,,,,,,,,,,,
,,,,,,,,,,,,,
,,,,,,,,,,,,,
,,,,,,,,,,,,,
,,,,,,,,,,,,,
,,,,,,,,,,,,,
,,,,,,,,,,,,,
,,,,,,,,,,,,,
,,,,,,,,,,,,,
,,,,,,,,,,,,,
,,,,,,,,,,,,,
,,,,,,,,,,,,,
,,,,,,,,,,,,,
,,,,,,,,,,,,,
,,,,,,,,,,,,,
,,,,,,,,,,,,,
,,,,,,,,,,,,,
,,,,,,,,,,,,,
,,,,,,,,,,,,,
,,,,,,,,,,,,,
,,,,,,,,,,,,,
,,,,,,,,,,,,,
,,,,,,,,,,,,,
,,,,,,,,,,,,,
,,,,,,,,,,,,,
,,,,,,,,,,,,,
,,,,,,,,,,,,,
,,,,,,,,,,,,,
,,,,,,,,,,,,,
,,,,,,,,,,,,,
,,,,,,,,,,,,,
,,,,,,,,,,,,,
,,,,,,,,,,,,,
,,,,,,,,,,,,,
,,,,,,,,,,,,,
,,,,,,,,,,,,,
,,,,,,,,,,,,,
,,,,,,,,,,,,,
,,,,,,,,,,,,,
,,,,,,,,,,,,,
,,,,,,,,,,,,,
,,,,,,,,,,,,,
,,,,,,,,,,,,,
,,,,,,,,,,,,,
,,,,,,,,,,,,,
,,,,,,,,,,,,,
,,,,,,,,,,,,,
,,,,,,,,,,,,,
,,,,,,,,,,,,,
,,,,,,,,,,,,,
,,,,,,,,,,,,,
,,,,,,,,,,,,,
,,,,,,,,,,,,,
,,,,,,,,,,,,,
,,,,,,,,,,,,,
,,,,,,,,,,,,,
,,,,,,,,,,,,,
,,,,,,,,,,,,,
,,,,,,,,,,,,,
,,,,,,,,,,,,,
,,,,,,,,,,,,,
,,,,,,,,,,,,,
,,,,,,,,,,,,,
,,,,,,,,,,,,,
,,,,,,,,,,,,,
,,,,,,,,,,,,,
,,,,,,,,,,,,,
,,,,,,,,,,,,,
,,,,,,,,,,,,,
,,,,,,,,,,,,,
,,,,,,,,,,,,,
,,,,,,,,,,,,,
,,,,,,,,,,,,,
,,,,,,,,,,,,,
,,,,,,,,,,,,,
,,,,,,,,,,,,,
,,,,,,,,,,,,,
,,,,,,,,,,,,,
,,,,,,,,,,,,,
,,,,,,,,,,,,,
,,,,,,,,,,,,,
,,,,,,,,,,,,,
,,,,,,,,,,,,,
,,,,,,,,,,,,,
,,,,,,,,,,,,,
,,,,,,,,,,,,,
,,,,,,,,,,,,,
,,,,,,,,,,,,,
,,,,,,,,,,,,,
,,,,,,,,,,,,,
,,,,,,,,,,,,,
,,,,,,,,,,,,,
,,,,,,,,,,,,,
,,,,,,,,,,,,,
,,,,,,,,,,,,,
,,,,,,,,,,,,,
,,,,,,,,,,,,,
,,,,,,,,,,,,,
,,,,,,,,,,,,,
,,,,,,,,,,,,,
,,,,,,,,,,,,,
,,,,,,,,,,,,,
,,,,,,,,,,,,,
,,,,,,,,,,,,,
,,,,,,,,,,,,,
,,,,,,,,,,,,,
,,,,,,,,,,,,,
,,,,,,,,,,,,,
,,,,,,,,,,,,,
,,,,,,,,,,,,,
,,,,,,,,,,,,,
,,,,,,,,,,,,,
,,,,,,,,,,,,,
,,,,,,,,,,,,,
,,,,,,,,,,,,,
,,,,,,,,,,,,,
,,,,,,,,,,,,,
,,,,,,,,,,,,,
,,,,,,,,,,,,,
,,,,,,,,,,,,,
,,,,,,,,,,,,,
,,,,,,,,,,,,,
,,,,,,,,,,,,,
,,,,,,,,,,,,,
,,,,,,,,,,,,,
,,,,,,,,,,,,,
,,,,,,,,,,,,,
,,,,,,,,,,,,,
,,,,,,,,,,,,,
,,,,,,,,,,,,,
,,,,,,,,,,,,,
,,,,,,,,,,,,,
,,,,,,,,,,,,,
,,,,,,,,,,,,,
,,,,,,,,,,,,,
,,,,,,,,,,,,,
,,,,,,,,,,,,,
,,,,,,,,,,,,,
,,,,,,,,,,,,,
,,,,,,,,,,,,,
,,,,,,,,,,,,,
,,,,,,,,,,,,,
,,,,,,,,,,,,,
,,,,,,,,,,,,,
,,,,,,,,,,,,,
,,,,,,,,,,,,,
,,,,,,,,,,,,,
,,,,,,,,,,,,,
,,,,,,,,,,,,,
,,,,,,,,,,,,,
,,,,,,,,,,,,,
,,,,,,,,,,,,,
,,,,,,,,,,,,,
,,,,,,,,,,,,,
,,,,,,,,,,,,,
,,,,,,,,,,,,,
,,,,,,,,,,,,,
,,,,,,,,,,,,,
,,,,,,,,,,,,,
,,,,,,,,,,,,,
,,,,,,,,,,,,,
,,,,,,,,,,,,,
,,,,,,,,,,,,,
,,,,,,,,,,,,,
,,,,,,,,,,,,,
,,,,,,,,,,,,,
,,,,,,,,,,,,,
,,,,,,,,,,,,,
,,,,,,,,,,,,,
,,,,,,,,,,,,,
,,,,,,,,,,,,,
,,,,,,,,,,,,,
,,,,,,,,,,,,,
,,,,,,,,,,,,,
,,,,,,,,,,,,,
,,,,,,,,,,,,,
,,,,,,,,,,,,,
,,,,,,,,,,,,,
,,,,,,,,,,,,,
,,,,,,,,,,,,,
,,,,,,,,,,,,,
,,,,,,,,,,,,,
,,,,,,,,,,,,,
,,,,,,,,,,,,,
,,,,,,,,,,,,,
,,,,,,,,,,,,,
,,,,,,,,,,,,,
,,,,,,,,,,,,,
,,,,,,,,,,,,,
,,,,,,,,,,,,,
,,,,,,,,,,,,,
,,,,,,,,,,,,,
,,,,,,,,,,,,,
,,,,,,,,,,,,,
,,,,,,,,,,,,,
,,,,,,,,,,,,,
,,,,,,,,,,,,,
,,,,,,,,,,,,,
,,,,,,,,,,,,,
,,,,,,,,,,,,,
,,,,,,,,,,,,,
,,,,,,,,,,,,,
,,,,,,,,,,,,,
,,,,,,,,,,,,,
,,,,,,,,,,,,,
,,,,,,,,,,,,,
,,,,,,,,,,,,,
,,,,,,,,,,,,,
,,,,,,,,,,,,,
,,,,,,,,,,,,,
,,,,,,,,,,,,,
,,,,,,,,,,,,,
,,,,,,,,,,,,,
,,,,,,,,,,,,,
,,,,,,,,,,,,,
,,,,,,,,,,,,,
,,,,,,,,,,,,,
,,,,,,,,,,,,,
,,,,,,,,,,,,,
,,,,,,,,,,,,,
,,,,,,,,,,,,,
,,,,,,,,,,,,,
,,,,,,,,,,,,,
,,,,,,,,,,,,,
,,,,,,,,,,,,,
,,,,,,,,,,,,,
,,,,,,,,,,,,,
,,,,,,,,,,,,,
,,,,,,,,,,,,,
,,,,,,,,,,,,,
,,,,,,,,,,,,,
,,,,,,,,,,,,,
,,,,,,,,,,,,,
,,,,,,,,,,,,,
,,,,,,,,,,,,,
,,,,,,,,,,,,,
,,,,,,,,,,,,,
,,,,,,,,,,,,,
,,,,,,,,,,,,,
,,,,,,,,,,,,,
,,,,,,,,,,,,,
,,,,,,,,,,,,,
,,,,,,,,,,,,,
,,,,,,,,,,,,,
,,,,,,,,,,,,,
,,,,,,,,,,,,,
,,,,,,,,,,,,,
,,,,,,,,,,,,,
,,,,,,,,,,,,,
,,,,,,,,,,,,,
,,,,,,,,,,,,,
,,,,,,,,,,,,,
,,,,,,,,,,,,,
,,,,,,,,,,,,,
,,,,,,,,,,,,,
,,,,,,,,,,,,,
,,,,,,,,,,,,,
,,,,,,,,,,,,,
,,,,,,,,,,,,,
,,,,,,,,,,,,,
,,,,,,,,,,,,,
,,,,,,,,,,,,,
,,,,,,,,,,,,,
,,,,,,,,,,,,,
,,,,,,,,,,,,,
,,,,,,,,,,,,,
,,,,,,,,,,,,,
,,,,,,,,,,,,,
,,,,,,,,,,,,,
,,,,,,,,,,,,,
,,,,,,,,,,,,,
,,,,,,,,,,,,,
,,,,,,,,,,,,,
,,,,,,,,,,,,,
,,,,,,,,,,,,,
,,,,,,,,,,,,,
,,,,,,,,,,,,,
,,,,,,,,,,,,,
,,,,,,,,,,,,,
,,,,,,,,,,,,,
,,,,,,,,,,,,,
,,,,,,,,,,,,,
,,,,,,,,,,,,,
,,,,,,,,,,,,,
,,,,,,,,,,,,,
,,,,,,,,,,,,,
,,,,,,,,,,,,,
,,,,,,,,,,,,,
,,,,,,,,,,,,,
,,,,,,,,,,,,,
,,,,,,,,,,,,,
,,,,,,,,,,,,,
,,,,,,,,,,,,,
,,,,,,,,,,,,,
,,,,,,,,,,,,,
,,,,,,,,,,,,,
,,,,,,,,,,,,,
,,,,,,,,,,,,,
,,,,,,,,,,,,,
,,,,,,,,,,,,,
,,,,,,,,,,,,,
,,,,,,,,,,,,,
,,,,,,,,,,,,,
,,,,,,,,,,,,,
,,,,,,,,,,,,,
,,,,,,,,,,,,,
,,,,,,,,,,,,,
,,,,,,,,,,,,,
,,,,,,,,,,,,,
,,,,,,,,,,,,,
,,,,,,,,,,,,,
,,,,,,,,,,,,,
,,,,,,,,,,,,,
,,,,,,,,,,,,,
,,,,,,,,,,,,,
,,,,,,,,,,,,,
,,,,,,,,,,,,,
,,,,,,,,,,,,,
,,,,,,,,,,,,,
,,,,,,,,,,,,,
,,,,,,,,,,,,,
,,,,,,,,,,,,,
,,,,,,,,,,,,,
,,,,,,,,,,,,,
,,,,,,,,,,,,,
,,,,,,,,,,,,,
,,,,,,,,,,,,,
,,,,,,,,,,,,,
,,,,,,,,,,,,,
,,,,,,,,,,,,,
,,,,,,,,,,,,,
,,,,,,,,,,,,,
,,,,,,,,,,,,,
,,,,,,,,,,,,,
,,,,,,,,,,,,,
,,,,,,,,,,,,,
,,,,,,,,,,,,,
,,,,,,,,,,,,,
,,,,,,,,,,,,,
,,,,,,,,,,,,,
,,,,,,,,,,,,,
,,,,,,,,,,,,,
,,,,,,,,,,,,,
,,,,,,,,,,,,,
,,,,,,,,,,,,,
,,,,,,,,,,,,,
,,,,,,,,,,,,,
,,,,,,,,,,,,,
,,,,,,,,,,,,,
,,,,,,,,,,,,,
,,,,,,,,,,,,,
,,,,,,,,,,,,,
,,,,,,,,,,,,,
,,,,,,,,,,,,,
,,,,,,,,,,,,,
,,,,,,,,,,,,,
,,,,,,,,,,,,,
,,,,,,,,,,,,,
,,,,,,,,,,,,,
,,,,,,,,,,,,,
,,,,,,,,,,,,,
,,,,,,,,,,,,,
,,,,,,,,,,,,,
,,,,,,,,,,,,,
,,,,,,,,,,,,,
,,,,,,,,,,,,,
,,,,,,,,,,,,,
,,,,,,,,,,,,,
,,,,,,,,,,,,,
,,,,,,,,,,,,,
,,,,,,,,,,,,,
,,,,,,,,,,,,,
,,,,,,,,,,,,,
,,,,,,,,,,,,,
,,,,,,,,,,,,,
,,,,,,,,,,,,,
,,,,,,,,,,,,,
,,,,,,,,,,,,,
,,,,,,,,,,,,,
,,,,,,,,,,,,,
,,,,,,,,,,,,,
,,,,,,,,,,,,,
,,,,,,,,,,,,,
,,,,,,,,,,,,,
,,,,,,,,,,,,,
,,,,,,,,,,,,,
,,,,,,,,,,,,,
,,,,,,,,,,,,,
,,,,,,,,,,,,,
,,,,,,,,,,,,,
,,,,,,,,,,,,,
,,,,,,,,,,,,,
,,,,,,,,,,,,,
,,,,,,,,,,,,,
,,,,,,,,,,,,,
,,,,,,,,,,,,,
,,,,,,,,,,,,,
,,,,,,,,,,,,,
,,,,,,,,,,,,,
,,,,,,,,,,,,,
,,,,,,,,,,,,,
,,,,,,,,,,,,,
,,,,,,,,,,,,,
,,,,,,,,,,,,,
,,,,,,,,,,,,,
,,,,,,,,,,,,,
,,,,,,,,,,,,,
,,,,,,,,,,,,,
,,,,,,,,,,,,,
,,,,,,,,,,,,,
,,,,,,,,,,,,,
,,,,,,,,,,,,,
,,,,,,,,,,,,,
,,,,,,,,,,,,,
,,,,,,,,,,,,,
,,,,,,,,,,,,,
,,,,,,,,,,,,,
,,,,,,,,,,,,,
,,,,,,,,,,,,,
,,,,,,,,,,,,,
,,,,,,,,,,,,,
,,,,,,,,,,,,,
,,,,,,,,,,,,,
,,,,,,,,,,,,,
,,,,,,,,,,,,,
,,,,,,,,,,,,,
,,,,,,,,,,,,,
,,,,,,,,,,,,,
,,,,,,,,,,,,,
,,,,,,,,,,,,,
,,,,,,,,,,,,,
,,,,,,,,,,,,,
,,,,,,,,,,,,,
,,,,,,,,,,,,,
,,,,,,,,,,,,,
,,,,,,,,,,,,,
,,,,,,,,,,,,,
,,,,,,,,,,,,,
,,,,,,,,,,,,,
,,,,,,,,,,,,,
,,,,,,,,,,,,,
,,,,,,,,,,,,,
,,,,,,,,,,,,,
,,,,,,,,,,,,,
,,,,,,,,,,,,,
,,,,,,,,,,,,,
,,,,,,,,,,,,,
,,,,,,,,,,,,,
,,,,,,,,,,,,,
,,,,,,,,,,,,,
,,,,,,,,,,,,,
,,,,,,,,,,,,,
,,,,,,,,,,,,,
,,,,,,,,,,,,,
,,,,,,,,,,,,,
,,,,,,,,,,,,,
,,,,,,,,,,,,,
,,,,,,,,,,,,,
,,,,,,,,,,,,,
,,,,,,,,,,,,,
,,,,,,,,,,,,,
,,,,,,,,,,,,,
,,,,,,,,,,,,,
,,,,,,,,,,,,,
,,,,,,,,,,,,,
,,,,,,,,,,,,,
,,,,,,,,,,,,,
,,,,,,,,,,,,,
,,,,,,,,,,,,,
,,,,,,,,,,,,,
,,,,,,,,,,,,,
,,,,,,,,,,,,,
,,,,,,,,,,,,,
,,,,,,,,,,,,,
,,,,,,,,,,,,,
,,,,,,,,,,,,,
,,,,,,,,,,,,,
,,,,,,,,,,,,,
,,,,,,,,,,,,,
,,,,,,,,,,,,,
,,,,,,,,,,,,,
,,,,,,,,,,,,,
,,,,,,,,,,,,,
,,,,,,,,,,,,,
,,,,,,,,,,,,,
,,,,,,,,,,,,,
,,,,,,,,,,,,,
,,,,,,,,,,,,,
,,,,,,,,,,,,,
,,,,,,,,,,,,,
,,,,,,,,,,,,,
,,,,,,,,,,,,,
,,,,,,,,,,,,,
,,,,,,,,,,,,,
,,,,,,,,,,,,,
,,,,,,,,,,,,,
,,,,,,,,,,,,,
,,,,,,,,,,,,,
,,,,,,,,,,,,,
,,,,,,,,,,,,,
,,,,,,,,,,,,,
,,,,,,,,,,,,,
,,,,,,,,,,,,,
,,,,,,,,,,,,,
,,,,,,,,,,,,,
,,,,,,,,,,,,,
,,,,,,,,,,,,,
,,,,,,,,,,,,,
,,,,,,,,,,,,,
,,,,,,,,,,,,,
,,,,,,,,,,,,,
,,,,,,,,,,,,,
,,,,,,,,,,,,,
,,,,,,,,,,,,,
,,,,,,,,,,,,,
,,,,,,,,,,,,,
,,,,,,,,,,,,,
,,,,,,,,,,,,,
,,,,,,,,,,,,,
,,,,,,,,,,,,,
,,,,,,,,,,,,,
,,,,,,,,,,,,,
,,,,,,,,,,,,,
,,,,,,,,,,,,,
,,,,,,,,,,,,,
,,,,,,,,,,,,,
,,,,,,,,,,,,,
,,,,,,,,,,,,,
,,,,,,,,,,,,,
,,,,,,,,,,,,,
,,,,,,,,,,,,,
,,,,,,,,,,,,,
,,,,,,,,,,,,,
,,,,,,,,,,,,,
,,,,,,,,,,,,,
,,,,,,,,,,,,,
,,,,,,,,,,,,,
,,,,,,,,,,,,,
,,,,,,,,,,,,,
,,,,,,,,,,,,,
,,,,,,,,,,,,,
,,,,,,,,,,,,,
,,,,,,,,,,,,,
,,,,,,,,,,,,,
,,,,,,,,,,,,,
,,,,,,,,,,,,,
,,,,,,,,,,,,,
,,,,,,,,,,,,,
,,,,,,,,,,,,,
,,,,,,,,,,,,,
,,,,,,,,,,,,,
,,,,,,,,,,,,,
,,,,,,,,,,,,,
,,,,,,,,,,,,,
,,,,,,,,,,,,,
,,,,,,,,,,,,,
,,,,,,,,,,,,,
,,,,,,,,,,,,,
,,,,,,,,,,,,,
,,,,,,,,,,,,,
,,,,,,,,,,,,,
,,,,,,,,,,,,,
,,,,,,,,,,,,,
,,,,,,,,,,,,,
,,,,,,,,,,,,,
,,,,,,,,,,,,,
,,,,,,,,,,,,,
,,,,,,,,,,,,,
,,,,,,,,,,,,,
,,,,,,,,,,,,,
,,,,,,,,,,,,,
,,,,,,,,,,,,,
,,,,,,,,,,,,,
,,,,,,,,,,,,,
,,,,,,,,,,,,,
,,,,,,,,,,,,,
,,,,,,,,,,,,,
,,,,,,,,,,,,,
,,,,,,,,,,,,,
,,,,,,,,,,,,,
,,,,,,,,,,,,,
,,,,,,,,,,,,,
,,,,,,,,,,,,,
,,,,,,,,,,,,,
,,,,,,,,,,,,,
,,,,,,,,,,,,,
,,,,,,,,,,,,,
,,,,,,,,,,,,,
,,,,,,,,,,,,,
,,,,,,,,,,,,,
,,,,,,,,,,,,,
,,,,,,,,,,,,,
,,,,,,,,,,,,,
,,,,,,,,,,,,,
,,,,,,,,,,,,,
,,,,,,,,,,,,,
,,,,,,,,,,,,,
,,,,,,,,,,,,,
,,,,,,,,,,,,,
,,,,,,,,,,,,,
,,,,,,,,,,,,,
,,,,,,,,,,,,,
,,,,,,,,,,,,,
,,,,,,,,,,,,,
,,,,,,,,,,,,,
,,,,,,,,,,,,,
,,,,,,,,,,,,,
,,,,,,,,,,,,,
,,,,,,,,,,,,,
,,,,,,,,,,,,,
,,,,,,,,,,,,,
,,,,,,,,,,,,,
,,,,,,,,,,,,,
,,,,,,,,,,,,,
,,,,,,,,,,,,,
,,,,,,,,,,,,,
,,,,,,,,,,,,,
,,,,,,,,,,,,,
,,,,,,,,,,,,,
,,,,,,,,,,,,,
,,,,,,,,,,,,,
,,,,,,,,,,,,,
,,,,,,,,,,,,,
,,,,,,,,,,,,,
,,,,,,,,,,,,,
,,,,,,,,,,,,,
,,,,,,,,,,,,,
,,,,,,,,,,,,,
,,,,,,,,,,,,,
,,,,,,,,,,,,,
,,,,,,,,,,,,,
,,,,,,,,,,,,,
,,,,,,,,,,,,,
,,,,,,,,,,,,,
,,,,,,,,,,,,,
,,,,,,,,,,,,,
,,,,,,,,,,,,,
,,,,,,,,,,,,,
,,,,,,,,,,,,,
,,,,,,,,,,,,,
,,,,,,,,,,,,,
,,,,,,,,,,,,,
,,,,,,,,,,,,,
,,,,,,,,,,,,,
,,,,,,,,,,,,,
,,,,,,,,,,,,,
,,,,,,,,,,,,,
,,,,,,,,,,,,,
,,,,,,,,,,,,,
,,,,,,,,,,,,,
,,,,,,,,,,,,,
,,,,,,,,,,,,,
,,,,,,,,,,,,,
,,,,,,,,,,,,,
,,,,,,,,,,,,,
,,,,,,,,,,,,,
,,,,,,,,,,,,,
,,,,,,,,,,,,,
,,,,,,,,,,,,,
,,,,,,,,,,,,,
,,,,,,,,,,,,,
,,,,,,,,,,,,,
,,,,,,,,,,,,,
,,,,,,,,,,,,,
,,,,,,,,,,,,,
,,,,,,,,,,,,,
,,,,,,,,,,,,,
,,,,,,,,,,,,,
,,,,,,,,,,,,,
,,,,,,,,,,,,,
,,,,,,,,,,,,,
,,,,,,,,,,,,,
,,,,,,,,,,,,,
,,,,,,,,,,,,,
,,,,,,,,,,,,,
,,,,,,,,,,,,,
,,,,,,,,,,,,,
,,,,,,,,,,,,,
,,,,,,,,,,,,,
,,,,,,,,,,,,,
,,,,,,,,,,,,,
,,,,,,,,,,,,,
,,,,,,,,,,,,,
,,,,,,,,,,,,,
,,,,,,,,,,,,,
,,,,,,,,,,,,,
,,,,,,,,,,,,,
,,,,,,,,,,,,,
,,,,,,,,,,,,,
,,,,,,,,,,,,,
,,,,,,,,,,,,,
,,,,,,,,,,,,,
,,,,,,,,,,,,,
,,,,,,,,,,,,,
,,,,,,,,,,,,,
,,,,,,,,,,,,,
,,,,,,,,,,,,,
,,,,,,,,,,,,,
,,,,,,,,,,,,,
,,,,,,,,,,,,,
,,,,,,,,,,,,,
,,,,,,,,,,,,,
,,,,,,,,,,,,,
,,,,,,,,,,,,,
,,,,,,,,,,,,,
,,,,,,,,,,,,,
,,,,,,,,,,,,,
,,,,,,,,,,,,,
,,,,,,,,,,,,,
,,,,,,,,,,,,,
,,,,,,,,,,,,,
,,,,,,,,,,,,,
,,,,,,,,,,,,,
,,,,,,,,,,,,,
,,,,,,,,,,,,,
,,,,,,,,,,,,,
,,,,,,,,,,,,,
,,,,,,,,,,,,,
,,,,,,,,,,,,,
,,,,,,,,,,,,,
,,,,,,,,,,,,,
,,,,,,,,,,,,,
,,,,,,,,,,,,,
,,,,,,,,,,,,,
,,,,,,,,,,,,,
,,,,,,,,,,,,,
,,,,,,,,,,,,,
,,,,,,,,,,,,,
,,,,,,,,,,,,,
,,,,,,,,,,,,,
,,,,,,,,,,,,,
,,,,,,,,,,,,,
,,,,,,,,,,,,,
,,,,,,,,,,,,,
,,,,,,,,,,,,,
,,,,,,,,,,,,,
,,,,,,,,,,,,,
,,,,,,,,,,,,,
,,,,,,,,,,,,,
,,,,,,,,,,,,,
,,,,,,,,,,,,,
,,,,,,,,,,,,,
,,,,,,,,,,,,,
,,,,,,,,,,,,,
,,,,,,,,,,,,,
,,,,,,,,,,,,,
,,,,,,,,,,,,,
,,,,,,,,,,,,,
,,,,,,,,,,,,,
,,,,,,,,,,,,,
,,,,,,,,,,,,,
,,,,,,,,,,,,,
,,,,,,,,,,,,,
,,,,,,,,,,,,,
,,,,,,,,,,,,,
,,,,,,,,,,,,,
,,,,,,,,,,,,,
,,,,,,,,,,,,,
,,,,,,,,,,,,,
,,,,,,,,,,,,,
,,,,,,,,,,,,,
,,,,,,,,,,,,,
,,,,,,,,,,,,,
,,,,,,,,,,,,,
,,,,,,,,,,,,,
,,,,,,,,,,,,,
,,,,,,,,,,,,,
,,,,,,,,,,,,,
,,,,,,,,,,,,,
,,,,,,,,,,,,,
,,,,,,,,,,,,,
,,,,,,,,,,,,,
,,,,,,,,,,,,,
,,,,,,,,,,,,,
,,,,,,,,,,,,,
,,,,,,,,,,,,,
,,,,,,,,,,,,,
,,,,,,,,,,,,,
,,,,,,,,,,,,,
,,,,,,,,,,,,,
,,,,,,,,,,,,,
,,,,,,,,,,,,,
,,,,,,,,,,,,,
,,,,,,,,,,,,,
,,,,,,,,,,,,,
,,,,,,,,,,,,,
,,,,,,,,,,,,,
,,,,,,,,,,,,,
,,,,,,,,,,,,,
,,,,,,,,,,,,,
,,,,,,,,,,,,,
,,,,,,,,,,,,,
,,,,,,,,,,,,,
,,,,,,,,,,,,,
,,,,,,,,,,,,,
,,,,,,,,,,,,,
,,,,,,,,,,,,,
,,,,,,,,,,,,,
,,,,,,,,,,,,,
,,,,,,,,,,,,,
,,,,,,,,,,,,,
,,,,,,,,,,,,,
,,,,,,,,,,,,,
,,,,,,,,,,,,,
,,,,,,,,,,,,,
,,,,,,,,,,,,,
,,,,,,,,,,,,,
,,,,,,,,,,,,,
,,,,,,,,,,,,,
,,,,,,,,,,,,,
,,,,,,,,,,,,,
,,,,,,,,,,,,,
,,,,,,,,,,,,,
,,,,,,,,,,,,,
,,,,,,,,,,,,,
,,,,,,,,,,,,,
,,,,,,,,,,,,,
,,,,,,,,,,,,,
,,,,,,,,,,,,,
,,,,,,,,,,,,,
,,,,,,,,,,,,,
,,,,,,,,,,,,,
,,,,,,,,,,,,,
,,,,,,,,,,,,,
,,,,,,,,,,,,,
,,,,,,,,,,,,,
,,,,,,,,,,,,,
,,,,,,,,,,,,,
,,,,,,,,,,,,,
,,,,,,,,,,,,,
,,,,,,,,,,,,,
,,,,,,,,,,,,,
,,,,,,,,,,,,,
,,,,,,,,,,,,,
,,,,,,,,,,,,,
,,,,,,,,,,,,,
,,,,,,,,,,,,,
,,,,,,,,,,,,,
,,,,,,,,,,,,,
,,,,,,,,,,,,,
,,,,,,,,,,,,,
,,,,,,,,,,,,,
,,,,,,,,,,,,,
,,,,,,,,,,,,,
,,,,,,,,,,,,,
,,,,,,,,,,,,,
,,,,,,,,,,,,,
,,,,,,,,,,,,,
,,,,,,,,,,,,,
,,,,,,,,,,,,,
,,,,,,,,,,,,,
,,,,,,,,,,,,,
,,,,,,,,,,,,,
,,,,,,,,,,,,,
,,,,,,,,,,,,,
,,,,,,,,,,,,,
,,,,,,,,,,,,,
,,,,,,,,,,,,,
,,,,,,,,,,,,,
,,,,,,,,,,,,,
,,,,,,,,,,,,,
,,,,,,,,,,,,,
,,,,,,,,,,,,,
,,,,,,,,,,,,,
,,,,,,,,,,,,,
,,,,,,,,,,,,,
,,,,,,,,,,,,,
,,,,,,,,,,,,,
,,,,,,,,,,,,,
,,,,,,,,,,,,,
,,,,,,,,,,,,,
,,,,,,,,,,,,,
,,,,,,,,,,,,,
,,,,,,,,,,,,,
,,,,,,,,,,,,,
,,,,,,,,,,,,,
,,,,,,,,,,,,,
,,,,,,,,,,,,,
,,,,,,,,,,,,,
,,,,,,,,,,,,,
,,,,,,,,,,,,,
,,,,,,,,,,,,,
,,,,,,,,,,,,,
,,,,,,,,,,,,,
,,,,,,,,,,,,,
,,,,,,,,,,,,,
,,,,,,,,,,,,,
,,,,,,,,,,,,,
,,,,,,,,,,,,,
,,,,,,,,,,,,,
,,,,,,,,,,,,,
,,,,,,,,,,,,,
,,,,,,,,,,,,,
,,,,,,,,,,,,,
,,,,,,,,,,,,,
,,,,,,,,,,,,,
,,,,,,,,,,,,,
,,,,,,,,,,,,,
,,,,,,,,,,,,,
,,,,,,,,,,,,,
,,,,,,,,,,,,,
,,,,,,,,,,,,,
,,,,,,,,,,,,,
,,,,,,,,,,,,,
,,,,,,,,,,,,,
,,,,,,,,,,,,,
,,,,,,,,,,,,,
,,,,,,,,,,,,,
,,,,,,,,,,,,,
,,,,,,,,,,,,,
,,,,,,,,,,,,,
,,,,,,,,,,,,,
,,,,,,,,,,,,,
,,,,,,,,,,,,,
,,,,,,,,,,,,,
,,,,,,,,,,,,,
,,,,,,,,,,,,,
,,,,,,,,,,,,,
,,,,,,,,,,,,,
,,,,,,,,,,,,,
,,,,,,,,,,,,,
,,,,,,,,,,,,,
,,,,,,,,,,,,,
,,,,,,,,,,,,,
,,,,,,,,,,,,,
,,,,,,,,,,,,,
,,,,,,,,,,,,,
,,,,,,,,,,,,,
,,,,,,,,,,,,,
,,,,,,,,,,,,,
,,,,,,,,,,,,,
,,,,,,,,,,,,,
,,,,,,,,,,,,,
,,,,,,,,,,,,,
,,,,,,,,,,,,,
,,,,,,,,,,,,,
,,,,,,,,,,,,,
,,,,,,,,,,,,,
,,,,,,,,,,,,,
,,,,,,,,,,,,,
,,,,,,,,,,,,,
,,,,,,,,,,,,,
,,,,,,,,,,,,,
,,,,,,,,,,,,,
,,,,,,,,,,,,,
,,,,,,,,,,,,,
,,,,,,,,,,,,,
,,,,,,,,,,,,,
,,,,,,,,,,,,,
,,,,,,,,,,,,,
,,,,,,,,,,,,,
,,,,,,,,,,,,,
,,,,,,,,,,,,,
,,,,,,,,,,,,,
,,,,,,,,,,,,,
,,,,,,,,,,,,,
,,,,,,,,,,,,,
,,,,,,,,,,,,,
,,,,,,,,,,,,,
,,,,,,,,,,,,,
,,,,,,,,,,,,,
,,,,,,,,,,,,,
,,,,,,,,,,,,,
,,,,,,,,,,,,,
,,,,,,,,,,,,,
,,,,,,,,,,,,,
,,,,,,,,,,,,,
,,,,,,,,,,,,,
,,,,,,,,,,,,,
,,,,,,,,,,,,,
,,,,,,,,,,,,,
,,,,,,,,,,,,,
,,,,,,,,,,,,,
,,,,,,,,,,,,,
,,,,,,,,,,,,,
,,,,,,,,,,,,,
,,,,,,,,,,,,,
,,,,,,,,,,,,,
,,,,,,,,,,,,,
,,,,,,,,,,,,,
,,,,,,,,,,,,,
,,,,,,,,,,,,,
,,,,,,,,,,,,,
,,,,,,,,,,,,,
,,,,,,,,,,,,,
,,,,,,,,,,,,,
,,,,,,,,,,,,,
,,,,,,,,,,,,,
,,,,,,,,,,,,,
,,,,,,,,,,,,,
,,,,,,,,,,,,,
,,,,,,,,,,,,,
,,,,,,,,,,,,,
,,,,,,,,,,,,,
,,,,,,,,,,,,,
,,,,,,,,,,,,,
,,,,,,,,,,,,,
,,,,,,,,,,,,,
,,,,,,,,,,,,,
,,,,,,,,,,,,,
,,,,,,,,,,,,,
,,,,,,,,,,,,,
,,,,,,,,,,,,,
,,,,,,,,,,,,,
,,,,,,,,,,,,,
,,,,,,,,,,,,,
,,,,,,,,,,,,,
,,,,,,,,,,,,,
,,,,,,,,,,,,,
,,,,,,,,,,,,,
,,,,,,,,,,,,,
,,,,,,,,,,,,,
,,,,,,,,,,,,,
,,,,,,,,,,,,,
,,,,,,,,,,,,,
,,,,,,,,,,,,,
,,,,,,,,,,,,,
,,,,,,,,,,,,,
,,,,,,,,,,,,,
,,,,,,,,,,,,,
,,,,,,,,,,,,,
,,,,,,,,,,,,,
,,,,,,,,,,,,,
,,,,,,,,,,,,,
,,,,,,,,,,,,,
,,,,,,,,,,,,,
,,,,,,,,,,,,,
,,,,,,,,,,,,,
,,,,,,,,,,,,,
,,,,,,,,,,,,,
,,,,,,,,,,,,,
,,,,,,,,,,,,,
,,,,,,,,,,,,,
,,,,,,,,,,,,,
,,,,,,,,,,,,,
,,,,,,,,,,,,,
,,,,,,,,,,,,,
,,,,,,,,,,,,,
,,,,,,,,,,,,,
,,,,,,,,,,,,,
,,,,,,,,,,,,,
,,,,,,,,,,,,,
,,,,,,,,,,,,,
,,,,,,,,,,,,,
,,,,,,,,,,,,,
,,,,,,,,,,,,,
,,,,,,,,,,,,,
,,,,,,,,,,,,,
,,,,,,,,,,,,,
,,,,,,,,,,,,,
,,,,,,,,,,,,,
,,,,,,,,,,,,,
,,,,,,,,,,,,,
,,,,,,,,,,,,,
,,,,,,,,,,,,,
,,,,,,,,,,,,,
,,,,,,,,,,,,,
,,,,,,,,,,,,,
,,,,,,,,,,,,,
,,,,,,,,,,,,,
,,,,,,,,,,,,,
,,,,,,,,,,,,,
,,,,,,,,,,,,,
,,,,,,,,,,,,,
,,,,,,,,,,,,,
,,,,,,,,,,,,,
,,,,,,,,,,,,,
,,,,,,,,,,,,,
,,,,,,,,,,,,,
,,,,,,,,,,,,,
,,,,,,,,,,,,,
,,,,,,,,,,,,,
,,,,,,,,,,,,,
,,,,,,,,,,,,,
,,,,,,,,,,,,,
,,,,,,,,,,,,,
,,,,,,,,,,,,,
,,,,,,,,,,,,,
,,,,,,,,,,,,,
,,,,,,,,,,,,,
,,,,,,,,,,,,,
,,,,,,,,,,,,,
,,,,,,,,,,,,,
,,,,,,,,,,,,,
,,,,,,,,,,,,,
,,,,,,,,,,,,,
,,,,,,,,,,,,,
,,,,,,,,,,,,,
,,,,,,,,,,,,,
,,,,,,,,,,,,,
,,,,,,,,,,,,,
,,,,,,,,,,,,,
,,,,,,,,,,,,,
,,,,,,,,,,,,,
,,,,,,,,,,,,,
,,,,,,,,,,,,,
,,,,,,,,,,,,,
,,,,,,,,,,,,,
,,,,,,,,,,,,,
,,,,,,,,,,,,,
,,,,,,,,,,,,,
,,,,,,,,,,,,,
,,,,,,,,,,,,,
,,,,,,,,,,,,,
,,,,,,,,,,,,,
,,,,,,,,,,,,,
,,,,,,,,,,,,,
,,,,,,,,,,,,,
,,,,,,,,,,,,,
,,,,,,,,,,,,,
,,,,,,,,,,,,,
,,,,,,,,,,,,,
,,,,,,,,,,,,,
,,,,,,,,,,,,,
,,,,,,,,,,,,,
,,,,,,,,,,,,,
,,,,,,,,,,,,,
,,,,,,,,,,,,,
,,,,,,,,,,,,,
,,,,,,,,,,,,,
,,,,,,,,,,,,,
,,,,,,,,,,,,,
,,,,,,,,,,,,,
,,,,,,,,,,,,,
,,,,,,,,,,,,,
,,,,,,,,,,,,,
,,,,,,,,,,,,,
,,,,,,,,,,,,,
,,,,,,,,,,,,,
,,,,,,,,,,,,,
,,,,,,,,,,,,,
,,,,,,,,,,,,,
,,,,,,,,,,,,,
,,,,,,,,,,,,,
,,,,,,,,,,,,,
,,,,,,,,,,,,,
,,,,,,,,,,,,,
,,,,,,,,,,,,,
,,,,,,,,,,,,,
,,,,,,,,,,,,,
,,,,,,,,,,,,,
,,,,,,,,,,,,,
,,,,,,,,,,,,,
,,,,,,,,,,,,,
,,,,,,,,,,,,,
,,,,,,,,,,,,,
,,,,,,,,,,,,,
,,,,,,,,,,,,,
,,,,,,,,,,,,,
,,,,,,,,,,,,,
,,,,,,,,,,,,,
,,,,,,,,,,,,,
,,,,,,,,,,,,,
,,,,,,,,,,,,,
,,,,,,,,,,,,,
,,,,,,,,,,,,,
,,,,,,,,,,,,,
,,,,,,,,,,,,,
,,,,,,,,,,,,,
,,,,,,,,,,,,,
,,,,,,,,,,,,,
,,,,,,,,,,,,,
,,,,,,,,,,,,,
,,,,,,,,,,,,,
,,,,,,,,,,,,,
,,,,,,,,,,,,,
,,,,,,,,,,,,,
,,,,,,,,,,,,,
,,,,,,,,,,,,,
,,,,,,,,,,,,,
,,,,,,,,,,,,,
,,,,,,,,,,,,,
,,,,,,,,,,,,,
,,,,,,,,,,,,,
,,,,,,,,,,,,,
,,,,,,,,,,,,,
,,,,,,,,,,,,,
,,,,,,,,,,,,,
,,,,,,,,,,,,,
,,,,,,,,,,,,,
,,,,,,,,,,,,,
,,,,,,,,,,,,,
,,,,,,,,,,,,,
,,,,,,,,,,,,,
,,,,,,,,,,,,,
,,,,,,,,,,,,,
,,,,,,,,,,,,,
,,,,,,,,,,,,,
,,,,,,,,,,,,,
,,,,,,,,,,,,,
,,,,,,,,,,,,,
,,,,,,,,,,,,,
,,,,,,,,,,,,,
,,,,,,,,,,,,,
,,,,,,,,,,,,,
,,,,,,,,,,,,,
,,,,,,,,,,,,,
,,,,,,,,,,,,,
,,,,,,,,,,,,,
,,,,,,,,,,,,,
,,,,,,,,,,,,,
,,,,,,,,,,,,,
,,,,,,,,,,,,,
,,,,,,,,,,,,,
,,,,,,,,,,,,,
,,,,,,,,,,,,,
,,,,,,,,,,,,,
,,,,,,,,,,,,,
,,,,,,,,,,,,,
,,,,,,,,,,,,,
,,,,,,,,,,,,,
,,,,,,,,,,,,,
,,,,,,,,,,,,,
,,,,,,,,,,,,,
,,,,,,,,,,,,,
,,,,,,,,,,,,,
,,,,,,,,,,,,,
,,,,,,,,,,,,,
,,,,,,,,,,,,,
,,,,,,,,,,,,,
,,,,,,,,,,,,,
,,,,,,,,,,,,,
,,,,,,,,,,,,,
,,,,,,,,,,,,,
,,,,,,,,,,,,,
,,,,,,,,,,,,,
,,,,,,,,,,,,,
,,,,,,,,,,,,,
,,,,,,,,,,,,,
,,,,,,,,,,,,,
,,,,,,,,,,,,,
,,,,,,,,,,,,,
,,,,,,,,,,,,,
,,,,,,,,,,,,,
,,,,,,,,,,,,,
,,,,,,,,,,,,,
,,,,,,,,,,,,,
,,,,,,,,,,,,,
,,,,,,,,,,,,,
,,,,,,,,,,,,,
,,,,,,,,,,,,,
,,,,,,,,,,,,,
,,,,,,,,,,,,,
,,,,,,,,,,,,,
,,,,,,,,,,,,,
,,,,,,,,,,,,,
,,,,,,,,,,,,,
,,,,,,,,,,,,,
,,,,,,,,,,,,,
,,,,,,,,,,,,,
,,,,,,,,,,,,,
,,,,,,,,,,,,,
,,,,,,,,,,,,,
,,,,,,,,,,,,,
,,,,,,,,,,,,,
,,,,,,,,,,,,,
,,,,,,,,,,,,,
,,,,,,,,,,,,,
,,,,,,,,,,,,,
,,,,,,,,,,,,,
,,,,,,,,,,,,,
,,,,,,,,,,,,,
,,,,,,,,,,,,,
,,,,,,,,,,,,,
,,,,,,,,,,,,,
,,,,,,,,,,,,,
,,,,,,,,,,,,,
,,,,,,,,,,,,,
,,,,,,,,,,,,,
,,,,,,,,,,,,,
,,,,,,,,,,,,,
,,,,,,,,,,,,,
,,,,,,,,,,,,,
,,,,,,,,,,,,,
,,,,,,,,,,,,,
,,,,,,,,,,,,,
,,,,,,,,,,,,,
,,,,,,,,,,,,,
,,,,,,,,,,,,,
,,,,,,,,,,,,,
,,,,,,,,,,,,,
,,,,,,,,,,,,,
,,,,,,,,,,,,,
,,,,,,,,,,,,,
,,,,,,,,,,,,,
,,,,,,,,,,,,,
,,,,,,,,,,,,,
,,,,,,,,,,,,,
,,,,,,,,,,,,,
,,,,,,,,,,,,,
,,,,,,,,,,,,,
,,,,,,,,,,,,,
,,,,,,,,,,,,,
,,,,,,,,,,,,,
,,,,,,,,,,,,,
,,,,,,,,,,,,,
,,,,,,,,,,,,,
,,,,,,,,,,,,,
,,,,,,,,,,,,,
,,,,,,,,,,,,,
,,,,,,,,,,,,,
,,,,,,,,,,,,,
,,,,,,,,,,,,,
,,,,,,,,,,,,,
,,,,,,,,,,,,,
,,,,,,,,,,,,,
,,,,,,,,,,,,,
,,,,,,,,,,,,,
,,,,,,,,,,,,,
,,,,,,,,,,,,,
,,,,,,,,,,,,,
,,,,,,,,,,,,,
,,,,,,,,,,,,,
,,,,,,,,,,,,,
,,,,,,,,,,,,,
,,,,,,,,,,,,,
,,,,,,,,,,,,,
,,,,,,,,,,,,,
,,,,,,,,,,,,,
,,,,,,,,,,,,,
,,,,,,,,,,,,,
,,,,,,,,,,,,,
,,,,,,,,,,,,,
,,,,,,,,,,,,,
,,,,,,,,,,,,,
,,,,,,,,,,,,,
,,,,,,,,,,,,,
,,,,,,,,,,,,,
,,,,,,,,,,,,,
,,,,,,,,,,,,,
,,,,,,,,,,,,,
,,,,,,,,,,,,,
,,,,,,,,,,,,,
,,,,,,,,,,,,,
,,,,,,,,,,,,,
,,,,,,,,,,,,,
,,,,,,,,,,,,,
,,,,,,,,,,,,,
,,,,,,,,,,,,,
,,,,,,,,,,,,,
,,,,,,,,,,,,,
,,,,,,,,,,,,,
,,,,,,,,,,,,,
,,,,,,,,,,,,,
,,,,,,,,,,,,,
,,,,,,,,,,,,,
,,,,,,,,,,,,,
,,,,,,,,,,,,,
,,,,,,,,,,,,,
,,,,,,,,,,,,,
,,,,,,,,,,,,,
,,,,,,,,,,,,,
,,,,,,,,,,,,,
,,,,,,,,,,,,,
,,,,,,,,,,,,,
,,,,,,,,,,,,,
,,,,,,,,,,,,,
,,,,,,,,,,,,,
,,,,,,,,,,,,,
,,,,,,,,,,,,,
,,,,,,,,,,,,,
,,,,,,,,,,,,,
,,,,,,,,,,,,,
,,,,,,,,,,,,,
,,,,,,,,,,,,,
,,,,,,,,,,,,,
,,,,,,,,,,,,,
,,,,,,,,,,,,,
,,,,,,,,,,,,,
,,,,,,,,,,,,,
,,,,,,,,,,,,,
,,,,,,,,,,,,,
,,,,,,,,,,,,,
,,,,,,,,,,,,,
,,,,,,,,,,,,,
,,,,,,,,,,,,,
,,,,,,,,,,,,,
,,,,,,,,,,,,,
,,,,,,,,,,,,,
,,,,,,,,,,,,,
,,,,,,,,,,,,,
,,,,,,,,,,,,,
,,,,,,,,,,,,,
,,,,,,,,,,,,,
,,,,,,,,,,,,,
,,,,,,,,,,,,,
,,,,,,,,,,,,,
,,,,,,,,,,,,,
,,,,,,,,,,,,,
,,,,,,,,,,,,,
,,,,,,,,,,,,,
,,,,,,,,,,,,,
,,,,,,,,,,,,,
,,,,,,,,,,,,,
,,,,,,,,,,,,,
,,,,,,,,,,,,,
,,,,,,,,,,,,,
,,,,,,,,,,,,,
,,,,,,,,,,,,,
,,,,,,,,,,,,,
,,,,,,,,,,,,,
,,,,,,,,,,,,,
,,,,,,,,,,,,,
,,,,,,,,,,,,,
,,,,,,,,,,,,,
,,,,,,,,,,,,,
,,,,,,,,,,,,,
,,,,,,,,,,,,,
,,,,,,,,,,,,,
,,,,,,,,,,,,,
,,,,,,,,,,,,,
,,,,,,,,,,,,,
,,,,,,,,,,,,,
,,,,,,,,,,,,,
,,,,,,,,,,,,,
,,,,,,,,,,,,,
,,,,,,,,,,,,,
,,,,,,,,,,,,,
,,,,,,,,,,,,,
,,,,,,,,,,,,,
,,,,,,,,,,,,,
,,,,,,,,,,,,,
,,,,,,,,,,,,,
,,,,,,,,,,,,,
,,,,,,,,,,,,,
,,,,,,,,,,,,,
,,,,,,,,,,,,,
,,,,,,,,,,,,,
,,,,,,,,,,,,,
,,,,,,,,,,,,,
,,,,,,,,,,,,,
,,,,,,,,,,,,,
,,,,,,,,,,,,,
,,,,,,,,,,,,,
,,,,,,,,,,,,,
,,,,,,,,,,,,,
,,,,,,,,,,,,,
,,,,,,,,,,,,,
,,,,,,,,,,,,,
,,,,,,,,,,,,,
,,,,,,,,,,,,,
,,,,,,,,,,,,,
,,,,,,,,,,,,,
,,,,,,,,,,,,,
,,,,,,,,,,,,,
,,,,,,,,,,,,,
,,,,,,,,,,,,,
,,,,,,,,,,,,,
,,,,,,,,,,,,,
,,,,,,,,,,,,,
,,,,,,,,,,,,,
,,,,,,,,,,,,,
,,,,,,,,,,,,,
,,,,,,,,,,,,,
,,,,,,,,,,,,,
,,,,,,,,,,,,,
,,,,,,,,,,,,,
,,,,,,,,,,,,,
,,,,,,,,,,,,,
,,,,,,,,,,,,,
,,,,,,,,,,,,,
,,,,,,,,,,,,,
,,,,,,,,,,,,,
,,,,,,,,,,,,,
,,,,,,,,,,,,,
,,,,,,,,,,,,,
,,,,,,,,,,,,,
,,,,,,,,,,,,,
,,,,,,,,,,,,,
,,,,,,,,,,,,,
,,,,,,,,,,,,,
,,,,,,,,,,,,,
,,,,,,,,,,,,,
,,,,,,,,,,,,,
,,,,,,,,,,,,,
,,,,,,,,,,,,,
,,,,,,,,,,,,,
,,,,,,,,,,,,,
,,,,,,,,,,,,,
,,,,,,,,,,,,,
,,,,,,,,,,,,,
,,,,,,,,,,,,,
,,,,,,,,,,,,,
,,,,,,,,,,,,,
,,,,,,,,,,,,,
,,,,,,,,,,,,,
,,,,,,,,,,,,,
,,,,,,,,,,,,,
,,,,,,,,,,,,,
,,,,,,,,,,,,,
,,,,,,,,,,,,,
,,,,,,,,,,,,,
,,,,,,,,,,,,,
,,,,,,,,,,,,,
,,,,,,,,,,,,,
,,,,,,,,,,,,,
,,,,,,,,,,,,,
,,,,,,,,,,,,,
,,,,,,,,,,,,,
,,,,,,,,,,,,,
,,,,,,,,,,,,,
,,,,,,,,,,,,,
,,,,,,,,,,,,,
,,,,,,,,,,,,,
,,,,,,,,,,,,,
,,,,,,,,,,,,,
,,,,,,,,,,,,,
,,,,,,,,,,,,,
,,,,,,,,,,,,,
,,,,,,,,,,,,,
,,,,,,,,,,,,,
,,,,,,,,,,,,,
,,,,,,,,,,,,,
,,,,,,,,,,,,,
,,,,,,,,,,,,,
,,,,,,,,,,,,,
,,,,,,,,,,,,,
,,,,,,,,,,,,,
,,,,,,,,,,,,,
,,,,,,,,,,,,,
,,,,,,,,,,,,,
,,,,,,,,,,,,,
,,,,,,,,,,,,,
,,,,,,,,,,,,,
,,,,,,,,,,,,,
,,,,,,,,,,,,,
,,,,,,,,,,,,,
,,,,,,,,,,,,,
,,,,,,,,,,,,,
,,,,,,,,,,,,,
,,,,,,,,,,,,,
,,,,,,,,,,,,,
,,,,,,,,,,,,,
,,,,,,,,,,,,,
,,,,,,,,,,,,,
,,,,,,,,,,,,,
,,,,,,,,,,,,,
,,,,,,,,,,,,,
,,,,,,,,,,,,,
,,,,,,,,,,,,,
,,,,,,,,,,,,,
,,,,,,,,,,,,,
,,,,,,,,,,,,,
,,,,,,,,,,,,,
,,,,,,,,,,,,,
,,,,,,,,,,,,,
,,,,,,,,,,,,,
,,,,,,,,,,,,,
,,,,,,,,,,,,,
,,,,,,,,,,,,,
,,,,,,,,,,,,,
,,,,,,,,,,,,,
,,,,,,,,,,,,,
,,,,,,,,,,,,,
,,,,,,,,,,,,,
,,,,,,,,,,,,,
,,,,,,,,,,,,,
,,,,,,,,,,,,,
,,,,,,,,,,,,,
,,,,,,,,,,,,,
,,,,,,,,,,,,,
,,,,,,,,,,,,,
,,,,,,,,,,,,,
,,,,,,,,,,,,,
,,,,,,,,,,,,,
,,,,,,,,,,,,,
,,,,,,,,,,,,,
,,,,,,,,,,,,,
,,,,,,,,,,,,,
,,,,,,,,,,,,,
,,,,,,,,,,,,,
,,,,,,,,,,,,,
,,,,,,,,,,,,,
,,,,,,,,,,,,,
,,,,,,,,,,,,,
,,,,,,,,,,,,,
,,,,,,,,,,,,,
,,,,,,,,,,,,,
,,,,,,,,,,,,,
,,,,,,,,,,,,,
,,,,,,,,,,,,,
,,,,,,,,,,,,,
,,,,,,,,,,,,,
,,,,,,,,,,,,,
,,,,,,,,,,,,,
,,,,,,,,,,,,,
,,,,,,,,,,,,,
,,,,,,,,,,,,,
,,,,,,,,,,,,,
,,,,,,,,,,,,,
,,,,,,,,,,,,,
,,,,,,,,,,,,,
,,,,,,,,,,,,,
,,,,,,,,,,,,,
,,,,,,,,,,,,,
,,,,,,,,,,,,,
,,,,,,,,,,,,,
,,,,,,,,,,,,,
,,,,,,,,,,,,,
,,,,,,,,,,,,,
,,,,,,,,,,,,,
,,,,,,,,,,,,,
,,,,,,,,,,,,,
,,,,,,,,,,,,,
,,,,,,,,,,,,,
,,,,,,,,,,,,,
,,,,,,,,,,,,,
,,,,,,,,,,,,,
,,,,,,,,,,,,,